date,product,region,sales_rep,units_sold,unit_price,discount_pct,customer_age,customer_satisfaction,return_flag,revenue
2022-01-01,Laptop,North,Rep_11,3,1264.31,10.0,37,3.0,0,3413.64
2022-01-03,Headphones,Central,Rep_18,45,1883.12,0.0,57,3.0,0,84740.4
2022-01-05,Tablet,East,Rep_4,47,1357.38,10.0,42,,0,57417.17
2022-01-05,Headphones,West,Rep_3,20,245.93,0.0,36,5.0,0,4918.6
2022-01-05,Headphones,East,Rep_13,19,773.87,0.0,22,3.0,0,14703.53
2022-01-07,Headphones,South,Rep_9,35,1146.26,20.0,28,5.0,0,32095.28
2022-01-07,Headphones,North,Rep_6,4,866.09,20.0,32,2.0,0,2771.49
2022-01-08,Smartwatch,Central,Rep_12,5,1683.92,15.0,25,4.0,0,7156.66
2022-01-08,Smartwatch,Central,Rep_2,1,1647.87,10.0,36,2.0,0,1483.08
2022-01-09,Phone,North,Rep_3,4,1262.48,15.0,40,5.0,0,4292.43
2022-01-09,Laptop,North,Rep_3,12,809.57,,44,5.0,0,9714.84
2022-01-09,Headphones,South,Rep_12,27,585.14,0.0,57,4.0,0,15798.78
2022-01-10,Phone,East,Rep_15,42,301.16,0.0,49,5.0,0,12648.72
2022-01-11,Laptop,Central,Rep_9,23,774.31,10.0,43,4.0,0,16028.22
2022-01-11,Tablet,South,Rep_8,25,885.03,0.0,44,5.0,0,22125.75
2022-01-11,Smartwatch,East,Rep_11,21,1384.06,0.0,36,5.0,0,29065.26
2022-01-11,Laptop,South,Rep_16,24,1350.5,5.0,67,5.0,0,30791.4
2022-01-11,Tablet,Central,Rep_4,25,233.21,15.0,59,4.0,0,4955.71
2022-01-12,Laptop,North,Rep_1,45,850.99,0.0,46,2.0,0,38294.55
2022-01-12,Smartwatch,North,Rep_7,46,445.38,0.0,56,4.0,0,20487.48
2022-01-12,Smartwatch,East,Rep_2,32,397.94,0.0,58,2.0,0,12734.08
2022-01-12,Phone,West,Rep_5,32,1671.87,,50,4.0,0,53499.84
2022-01-12,Headphones,East,Rep_7,5,179.64,0.0,36,4.0,0,898.2
2022-01-14,Laptop,West,Rep_4,36,896.45,10.0,54,4.0,0,29044.98
2022-01-14,Laptop,South,Rep_5,46,419.59,10.0,36,1.0,0,17371.03
2022-01-14,Tablet,South,Rep_1,42,1770.73,10.0,50,3.0,0,66933.59
2022-01-14,Smartwatch,Central,Rep_1,49,1158.38,0.0,64,4.0,0,56760.62
2022-01-14,Laptop,West,Rep_15,42,539.62,15.0,33,,0,19264.43
2022-01-15,Smartwatch,Central,Rep_20,39,1054.61,0.0,40,4.0,1,41129.79
2022-01-15,Laptop,North,Rep_19,16,1489.82,5.0,24,4.0,0,22645.26
2022-01-15,Phone,West,Rep_10,33,1920.42,15.0,43,5.0,0,53867.78
2022-01-16,Headphones,East,Rep_18,49,518.85,0.0,49,4.0,0,25423.65
2022-01-16,Laptop,North,Rep_3,21,1783.75,0.0,29,,0,37458.75
2022-01-16,Smartwatch,North,Rep_11,9,1875.18,15.0,25,4.0,0,14345.13
2022-01-16,Phone,East,Rep_15,6,1841.2,0.0,22,3.0,0,11047.2
2022-01-16,Laptop,North,Rep_11,45,1307.29,10.0,59,5.0,0,52945.24
2022-01-17,Tablet,West,Rep_17,35,1296.66,0.0,45,2.0,0,45383.1
2022-01-17,Headphones,Central,Rep_17,39,866.1,10.0,22,4.0,0,30400.11
2022-01-17,Laptop,North,Rep_6,22,1529.56,0.0,66,1.0,0,33650.32
2022-01-17,Phone,West,Rep_5,41,1109.46,0.0,43,3.0,0,45487.86
2022-01-18,Tablet,South,Rep_8,5,1387.13,10.0,22,5.0,0,6242.09
2022-01-18,Phone,West,Rep_2,42,914.07,0.0,39,3.0,0,38390.94
2022-01-19,Phone,Central,Rep_16,23,1489.84,0.0,32,2.0,0,34266.32
2022-01-19,Tablet,West,Rep_20,17,1666.5,0.0,30,4.0,0,28330.5
2022-01-20,Phone,East,Rep_12,12,378.23,0.0,45,1.0,0,4538.76
2022-01-20,Tablet,Central,Rep_6,23,1682.57,0.0,50,2.0,0,38699.11
2022-01-20,Laptop,South,Rep_1,16,1126.56,0.0,60,5.0,1,18024.96
2022-01-20,Tablet,East,Rep_4,3,1704.87,,40,5.0,0,5114.61
2022-01-20,Tablet,West,Rep_17,30,919.47,0.0,50,5.0,0,27584.1
2022-01-21,Headphones,Central,Rep_13,22,820.18,5.0,60,5.0,0,17141.76
2022-01-21,Tablet,South,Rep_18,9,1838.62,0.0,35,4.0,1,16547.58
2022-01-21,Tablet,East,Rep_5,29,577.22,0.0,67,2.0,0,16739.38
2022-01-22,Laptop,South,Rep_3,47,1704.0,20.0,47,5.0,1,64070.4
2022-01-23,Headphones,West,Rep_11,37,1019.64,0.0,43,5.0,0,37726.68
2022-01-23,Smartwatch,South,Rep_13,23,1076.78,20.0,33,5.0,0,19812.75
2022-01-24,Laptop,North,Rep_4,13,686.09,0.0,30,4.0,0,8919.17
2022-01-24,Laptop,East,Rep_14,32,1188.78,10.0,56,3.0,0,34236.86
2022-01-24,Smartwatch,South,Rep_11,46,717.9,5.0,50,5.0,0,31372.23
2022-01-25,Tablet,West,Rep_10,47,174.61,15.0,43,5.0,0,6975.67
2022-01-25,Phone,West,Rep_19,48,616.8,5.0,65,5.0,0,28126.08
2022-01-25,Headphones,South,Rep_18,23,112.12,5.0,18,3.0,0,2449.82
2022-01-26,Phone,West,Rep_6,45,1958.87,0.0,66,3.0,0,88149.15
2022-01-26,Smartwatch,Central,Rep_15,17,1934.92,0.0,55,3.0,0,32893.64
2022-01-26,Laptop,Central,Rep_10,40,850.8,20.0,19,5.0,0,27225.6
2022-01-26,Laptop,Central,Rep_5,21,1483.9,0.0,66,3.0,0,31161.9
2022-01-27,Headphones,North,Rep_5,2,757.03,0.0,23,2.0,0,1514.06
2022-01-28,Laptop,South,Rep_10,37,1375.08,,63,5.0,0,50877.96
2022-01-28,Laptop,North,Rep_5,6,1630.32,0.0,67,1.0,0,9781.92
2022-01-28,Headphones,West,Rep_3,44,1898.84,20.0,55,5.0,0,66839.17
2022-01-29,Headphones,North,Rep_6,18,860.4,10.0,59,4.0,0,13938.48
2022-01-29,Smartwatch,West,Rep_4,30,1588.27,5.0,41,5.0,0,45265.7
2022-01-29,Laptop,West,Rep_18,22,605.26,15.0,35,4.0,0,11318.36
2022-01-30,Laptop,East,Rep_9,33,1981.63,,44,5.0,0,65393.79
2022-01-30,Smartwatch,Central,Rep_17,30,148.96,0.0,58,5.0,0,4468.8
2022-01-31,Tablet,West,Rep_13,17,1246.7,5.0,25,1.0,0,20134.21
2022-01-31,Tablet,East,Rep_15,43,1353.06,0.0,45,2.0,0,58181.58
2022-01-31,Tablet,Central,Rep_20,32,1407.29,10.0,27,3.0,0,40529.95
2022-01-31,Smartwatch,West,Rep_17,42,328.74,20.0,34,4.0,0,11045.66
2022-02-01,Laptop,West,Rep_13,14,1883.21,5.0,46,5.0,0,25046.69
2022-02-01,Smartwatch,North,Rep_16,10,444.25,0.0,23,,0,4442.5
2022-02-01,Smartwatch,North,Rep_4,47,1283.23,20.0,31,4.0,0,48249.45
2022-02-01,Tablet,Central,Rep_5,36,523.08,5.0,39,3.0,0,17889.34
2022-02-01,Phone,West,Rep_5,34,683.71,5.0,23,5.0,0,22083.83
2022-02-01,Laptop,South,Rep_9,9,1138.27,0.0,43,5.0,0,10244.43
2022-02-02,Tablet,North,Rep_17,42,892.67,20.0,56,3.0,1,29993.71
2022-02-02,Phone,Central,Rep_13,28,404.43,5.0,29,4.0,0,10757.84
2022-02-02,Phone,West,Rep_2,11,424.78,10.0,52,2.0,0,4205.32
2022-02-03,Headphones,West,Rep_13,14,894.48,15.0,31,4.0,0,10644.31
2022-02-03,Laptop,South,Rep_19,39,1538.84,0.0,39,,0,60014.76
2022-02-04,Phone,Central,Rep_3,47,1806.13,5.0,68,2.0,0,80643.7
2022-02-05,Tablet,West,Rep_10,19,259.84,15.0,40,4.0,0,4196.42
2022-02-05,Headphones,North,Rep_2,15,846.9,0.0,65,3.0,1,12703.5
2022-02-06,Laptop,South,Rep_13,28,290.47,10.0,24,4.0,0,7319.84
2022-02-06,Smartwatch,Central,Rep_19,24,131.53,20.0,57,4.0,0,2525.38
2022-02-06,Tablet,South,Rep_17,8,1357.27,10.0,67,1.0,0,9772.34
2022-02-07,Phone,North,Rep_14,43,1244.65,10.0,42,5.0,0,48167.96
2022-02-07,Phone,Central,Rep_12,9,409.74,15.0,30,5.0,0,3134.51
2022-02-08,Tablet,South,Rep_12,47,544.24,15.0,38,4.0,0,21742.39
2022-02-08,Phone,East,Rep_11,33,145.04,0.0,58,2.0,0,4786.32
2022-02-08,Headphones,North,Rep_7,33,1686.4,0.0,27,5.0,0,55651.2
2022-02-09,Laptop,North,Rep_4,19,1951.91,5.0,26,5.0,0,35231.98
2022-02-09,Headphones,North,Rep_19,3,357.37,10.0,32,3.0,0,964.9
2022-02-09,Phone,East,Rep_1,10,539.8,5.0,69,3.0,0,5128.1
2022-02-09,Smartwatch,East,Rep_3,40,1749.98,10.0,19,3.0,0,62999.28
2022-02-10,Laptop,West,Rep_13,47,1860.28,0.0,42,4.0,0,87433.16
2022-02-11,Laptop,South,Rep_15,42,897.29,10.0,30,3.0,0,33917.56
2022-02-11,Tablet,West,Rep_2,1,196.18,0.0,51,4.0,0,196.18
2022-02-11,Tablet,South,Rep_11,29,174.84,10.0,68,4.0,0,4563.32
2022-02-11,Smartwatch,East,Rep_4,34,1190.5,5.0,51,4.0,0,38453.15
2022-02-12,Laptop,East,Rep_19,13,846.5,0.0,52,4.0,0,11004.5
2022-02-12,Smartwatch,West,Rep_17,1,154.44,0.0,55,4.0,0,154.44
2022-02-12,Tablet,Central,Rep_3,34,1208.18,10.0,20,4.0,0,36970.31
2022-02-12,Tablet,West,Rep_18,29,121.47,5.0,59,1.0,0,3346.5
2022-02-12,Laptop,South,Rep_8,48,1596.01,0.0,23,2.0,0,76608.48
2022-02-13,Headphones,West,Rep_19,47,682.22,20.0,65,5.0,0,25651.47
2022-02-13,Phone,North,Rep_5,13,176.49,10.0,66,2.0,0,2064.93
2022-02-13,Tablet,South,Rep_7,48,1217.87,20.0,36,5.0,0,46766.21
2022-02-13,Tablet,South,Rep_8,49,855.6,5.0,20,5.0,0,39828.18
2022-02-13,Headphones,Central,Rep_5,29,1950.22,5.0,35,3.0,0,53728.56
2022-02-14,Headphones,East,Rep_17,39,1133.98,15.0,56,4.0,0,37591.44
2022-02-14,Smartwatch,South,Rep_5,24,622.95,5.0,26,4.0,0,14203.26
2022-02-14,Smartwatch,East,Rep_4,26,1447.93,10.0,69,5.0,0,33881.56
2022-02-14,Phone,West,Rep_19,17,615.83,0.0,29,5.0,0,10469.11
2022-02-14,Phone,North,Rep_2,7,1818.06,5.0,22,5.0,0,12090.1
2022-02-15,Laptop,Central,Rep_11,13,811.97,0.0,20,2.0,0,10555.61
2022-02-15,Smartwatch,East,Rep_13,5,1144.75,0.0,28,4.0,0,5723.75
2022-02-16,Tablet,South,Rep_15,26,196.09,0.0,47,4.0,0,5098.34
2022-02-17,Smartwatch,East,Rep_12,49,909.63,0.0,21,4.0,0,44571.87
2022-02-17,Tablet,South,Rep_11,3,1681.49,20.0,22,1.0,0,4035.58
2022-02-18,Headphones,East,Rep_7,7,1630.73,0.0,18,3.0,0,11415.11
2022-02-18,Smartwatch,South,Rep_5,49,526.21,10.0,44,5.0,0,23205.86
2022-02-18,Headphones,West,Rep_17,39,529.55,15.0,45,4.0,0,17554.58
2022-02-19,Phone,South,Rep_20,1,1652.88,,46,3.0,0,1652.88
2022-02-19,Phone,South,Rep_9,49,1867.76,0.0,35,4.0,0,91520.24
2022-02-19,Laptop,North,Rep_14,17,281.19,10.0,29,5.0,0,4302.21
2022-02-20,Smartwatch,South,Rep_12,43,955.11,10.0,30,5.0,0,36962.76
2022-02-20,Headphones,North,Rep_6,25,741.16,10.0,58,3.0,1,16676.1
2022-02-20,Tablet,Central,Rep_17,3,1754.31,10.0,19,2.0,0,4736.64
2022-02-21,Phone,North,Rep_19,15,258.7,20.0,54,3.0,0,3104.4
2022-02-21,Phone,West,Rep_19,29,501.14,5.0,62,5.0,1,13806.41
2022-02-21,Tablet,North,Rep_16,43,1529.69,0.0,33,4.0,0,65776.67
2022-02-21,Headphones,Central,Rep_12,32,197.46,10.0,65,,0,5686.85
2022-02-21,Headphones,West,Rep_12,26,1035.82,0.0,41,4.0,0,26931.32
2022-02-22,Smartwatch,East,Rep_20,16,940.0,15.0,52,4.0,0,12784.0
2022-02-22,Smartwatch,East,Rep_6,25,735.36,0.0,39,,0,18384.0
2022-02-23,Laptop,North,Rep_4,28,849.69,0.0,53,4.0,0,23791.32
2022-02-23,Phone,North,Rep_6,9,1106.89,15.0,28,2.0,0,8467.71
2022-02-23,Smartwatch,Central,Rep_11,1,406.6,5.0,63,2.0,0,386.27
2022-02-24,Headphones,Central,Rep_1,29,1186.79,0.0,46,4.0,0,34416.91
2022-02-24,Tablet,South,Rep_15,22,1630.32,5.0,52,5.0,0,34073.69
2022-02-24,Headphones,Central,Rep_11,16,1544.31,15.0,65,3.0,0,21002.62
2022-02-24,Phone,South,Rep_19,41,392.41,0.0,32,5.0,0,16088.81
2022-02-24,Headphones,West,Rep_18,44,383.57,15.0,48,5.0,0,14345.52
2022-02-25,Laptop,North,Rep_17,41,609.53,0.0,59,3.0,0,24990.73
2022-02-26,Phone,West,Rep_19,7,786.04,10.0,58,1.0,0,4952.05
2022-02-26,Tablet,Central,Rep_14,14,876.07,15.0,60,2.0,0,10425.23
2022-02-26,Laptop,West,Rep_18,29,1391.42,0.0,33,5.0,0,40351.18
2022-02-27,Phone,West,Rep_19,19,207.69,5.0,27,3.0,0,3748.8
2022-02-27,Tablet,West,Rep_15,19,165.88,0.0,66,4.0,0,3151.72
2022-02-27,Laptop,Central,Rep_15,2,844.63,,49,4.0,1,1689.26
2022-02-28,Laptop,West,Rep_4,41,1424.61,5.0,68,5.0,0,55488.56
2022-02-28,Phone,South,Rep_7,45,467.53,10.0,19,2.0,0,18934.96
2022-02-28,Smartwatch,Central,Rep_13,15,1318.86,0.0,41,4.0,0,19782.9
2022-02-28,Laptop,West,Rep_3,3,593.67,0.0,40,4.0,0,1781.01
2022-03-01,Laptop,Central,Rep_16,11,1783.56,0.0,19,4.0,0,19619.16
2022-03-02,Tablet,East,Rep_9,46,1801.81,,55,5.0,0,82883.26
2022-03-02,Headphones,South,Rep_8,30,664.85,5.0,48,3.0,0,18948.22
2022-03-02,Phone,West,Rep_20,40,536.99,15.0,68,5.0,0,18257.66
2022-03-03,Phone,East,Rep_13,18,881.48,10.0,57,4.0,0,14279.98
2022-03-03,Smartwatch,East,Rep_17,48,557.01,5.0,43,,0,25399.66
2022-03-03,Smartwatch,Central,Rep_17,2,1377.53,20.0,46,4.0,0,2204.05
2022-03-03,Phone,East,Rep_17,32,1669.52,10.0,20,4.0,0,48082.18
2022-03-04,Smartwatch,South,Rep_1,8,1378.88,20.0,31,2.0,0,8824.83
2022-03-04,Tablet,South,Rep_8,22,1666.27,,42,4.0,0,36657.94
2022-03-04,Phone,North,Rep_19,6,854.29,0.0,65,4.0,1,5125.74
2022-03-05,Smartwatch,South,Rep_6,12,397.0,0.0,18,4.0,0,4764.0
2022-03-05,Phone,East,Rep_3,47,1502.11,10.0,20,3.0,0,63539.25
2022-03-05,Headphones,South,Rep_5,40,784.9,0.0,43,5.0,0,31396.0
2022-03-06,Laptop,Central,Rep_13,36,1375.41,0.0,35,,0,49514.76
2022-03-06,Phone,North,Rep_15,15,614.22,5.0,26,2.0,0,8752.64
2022-03-06,Laptop,East,Rep_14,28,254.34,5.0,55,,0,6765.44
2022-03-07,Smartwatch,North,Rep_16,49,1985.91,10.0,40,5.0,0,87578.63
2022-03-07,Laptop,East,Rep_18,45,396.78,0.0,38,5.0,0,17855.1
2022-03-07,Phone,Central,Rep_11,18,1978.0,0.0,18,4.0,0,35604.0
2022-03-08,Headphones,North,Rep_3,2,1956.83,10.0,38,5.0,0,3522.29
2022-03-08,Smartwatch,West,Rep_10,13,1608.25,20.0,44,3.0,0,16725.8
2022-03-08,Phone,East,Rep_10,45,1352.9,10.0,59,4.0,0,54792.45
2022-03-08,Smartwatch,West,Rep_16,15,1197.83,20.0,23,5.0,0,14373.96
2022-03-08,Tablet,North,Rep_12,20,1745.59,10.0,61,5.0,0,31420.62
2022-03-10,Laptop,West,Rep_2,29,649.94,5.0,53,4.0,0,17905.85
2022-03-10,Tablet,West,Rep_9,42,988.59,0.0,45,5.0,0,41520.78
2022-03-10,Phone,North,Rep_3,29,1276.84,10.0,62,2.0,0,33325.52
2022-03-11,Headphones,Central,Rep_15,3,881.26,10.0,34,5.0,0,2379.4
2022-03-11,Smartwatch,West,Rep_3,19,912.22,10.0,57,3.0,0,15598.96
2022-03-11,Laptop,West,Rep_19,3,727.54,5.0,69,3.0,0,2073.49
2022-03-12,Smartwatch,Central,Rep_18,14,1172.04,5.0,20,3.0,0,15588.13
2022-03-12,Phone,West,Rep_8,40,1716.09,0.0,29,4.0,0,68643.6
2022-03-12,Smartwatch,West,Rep_17,4,482.9,5.0,56,3.0,0,1835.02
2022-03-12,Laptop,West,Rep_8,11,1875.42,0.0,29,3.0,0,20629.62
2022-03-13,Phone,South,Rep_7,31,1409.27,15.0,19,2.0,0,37134.26
2022-03-14,Smartwatch,Central,Rep_7,43,1664.22,0.0,63,3.0,0,71561.46
2022-03-14,Headphones,West,Rep_3,32,1156.76,0.0,39,4.0,0,37016.32
2022-03-15,Phone,Central,Rep_1,27,1581.08,5.0,40,4.0,0,40554.7
2022-03-16,Phone,East,Rep_4,30,130.78,,47,3.0,0,3923.4
2022-03-16,Headphones,East,Rep_5,43,1654.92,5.0,22,,0,67603.48
2022-03-16,Tablet,West,Rep_1,2,176.26,0.0,26,5.0,0,352.52
2022-03-16,Laptop,Central,Rep_15,49,1790.84,5.0,38,5.0,0,83363.6
2022-03-17,Tablet,Central,Rep_5,9,1984.73,0.0,28,,0,17862.57
2022-03-17,Smartwatch,Central,Rep_13,28,658.73,20.0,22,5.0,0,14755.55
2022-03-17,Headphones,South,Rep_8,31,499.61,20.0,52,3.0,0,12390.33
2022-03-18,Tablet,East,Rep_8,34,1554.19,5.0,44,2.0,0,50200.34
2022-03-18,Phone,Central,Rep_5,15,580.75,0.0,66,3.0,0,8711.25
2022-03-18,Smartwatch,Central,Rep_9,48,1744.57,10.0,19,5.0,0,75365.42
2022-03-18,Smartwatch,South,Rep_1,25,295.4,0.0,41,3.0,0,7385.0
2022-03-19,Tablet,South,Rep_4,36,339.31,5.0,48,2.0,0,11604.4
2022-03-19,Tablet,Central,Rep_3,8,1960.39,0.0,50,2.0,0,15683.12
2022-03-19,Headphones,North,Rep_2,9,1380.29,20.0,56,5.0,0,9938.09
2022-03-19,Laptop,Central,Rep_8,37,1709.09,0.0,47,4.0,0,63236.33
2022-03-19,Tablet,Central,Rep_9,48,716.23,5.0,63,3.0,1,32660.09
2022-03-19,Tablet,South,Rep_2,45,1385.32,10.0,54,4.0,0,56105.46
2022-03-19,Phone,South,Rep_14,39,1229.06,5.0,68,4.0,0,45536.67
2022-03-19,Smartwatch,Central,Rep_14,32,1245.99,,45,4.0,1,39871.68
2022-03-20,Laptop,Central,Rep_4,17,1396.81,20.0,48,,0,18996.62
2022-03-20,Phone,Central,Rep_6,35,1193.18,5.0,28,5.0,0,39673.24
2022-03-20,Headphones,South,Rep_11,37,915.22,10.0,40,3.0,0,30476.83
2022-03-21,Headphones,Central,Rep_3,19,624.25,0.0,19,4.0,0,11860.75
2022-03-23,Tablet,Central,Rep_8,44,1560.3,5.0,57,1.0,0,65220.54
2022-03-23,Tablet,West,Rep_3,29,529.92,5.0,58,4.0,0,14599.3
2022-03-23,Headphones,North,Rep_14,7,1415.47,0.0,44,4.0,0,9908.29
2022-03-23,Tablet,East,Rep_13,28,543.33,0.0,52,4.0,0,15213.24
2022-03-23,Laptop,North,Rep_13,9,1288.13,15.0,19,2.0,0,9854.19
2022-03-23,Tablet,West,Rep_2,28,1519.45,0.0,56,5.0,0,42544.6
2022-03-24,Smartwatch,East,Rep_13,6,515.56,0.0,54,3.0,0,3093.36
2022-03-24,Tablet,Central,Rep_19,29,213.89,5.0,38,4.0,0,5892.67
2022-03-24,Phone,West,Rep_6,17,348.85,,22,5.0,0,5930.45
2022-03-24,Laptop,Central,Rep_16,16,1251.39,0.0,69,4.0,1,20022.24
2022-03-25,Phone,South,Rep_2,23,1713.95,5.0,62,5.0,0,37449.81
2022-03-25,Phone,West,Rep_8,31,185.49,0.0,38,4.0,0,5750.19
2022-03-25,Smartwatch,South,Rep_17,3,1494.89,0.0,46,4.0,0,4484.67
2022-03-25,Laptop,West,Rep_2,21,748.51,0.0,37,5.0,0,15718.71
2022-03-26,Laptop,West,Rep_10,26,1009.2,15.0,55,3.0,0,22303.32
2022-03-26,Laptop,South,Rep_16,36,1864.83,0.0,37,4.0,1,67133.88
2022-03-27,Laptop,East,Rep_6,42,730.75,0.0,67,5.0,0,30691.5
2022-03-27,Laptop,North,Rep_2,37,984.14,5.0,42,4.0,0,34592.52
2022-03-28,Smartwatch,Central,Rep_2,22,126.0,15.0,19,3.0,0,2356.2
2022-03-28,Tablet,West,Rep_13,42,255.04,0.0,49,4.0,0,10711.68
2022-03-28,Phone,Central,Rep_15,12,591.32,5.0,43,5.0,0,6741.05
2022-03-28,Laptop,South,Rep_2,42,152.92,0.0,23,,0,6422.64
2022-03-28,Tablet,Central,Rep_7,13,1299.61,5.0,58,4.0,0,16050.18
2022-03-29,Tablet,South,Rep_3,11,910.16,5.0,20,4.0,0,9511.17
2022-03-29,Phone,Central,Rep_8,16,1141.48,5.0,50,5.0,0,17350.5
2022-03-29,Smartwatch,North,Rep_14,8,431.83,0.0,18,2.0,0,3454.64
2022-03-30,Headphones,North,Rep_7,40,662.27,0.0,68,3.0,0,26490.8
2022-03-30,Headphones,North,Rep_7,40,1361.27,0.0,22,5.0,0,54450.8
2022-03-30,Tablet,North,Rep_1,45,1934.08,0.0,30,5.0,0,87033.6
2022-03-30,Phone,North,Rep_17,2,195.79,0.0,36,5.0,0,391.58
2022-03-30,Headphones,North,Rep_9,30,1791.73,10.0,29,4.0,1,48376.71
2022-03-31,Tablet,South,Rep_13,30,1196.07,20.0,65,2.0,0,28705.68
2022-03-31,Smartwatch,West,Rep_19,12,1171.45,20.0,42,4.0,1,11245.92
2022-03-31,Headphones,Central,Rep_19,10,1050.53,15.0,68,3.0,0,8929.5
2022-03-31,Tablet,North,Rep_17,44,231.85,10.0,52,3.0,1,9181.26
2022-03-31,Tablet,South,Rep_10,11,270.77,10.0,29,5.0,0,2680.62
2022-04-02,Laptop,South,Rep_10,15,1241.73,0.0,47,2.0,1,18625.95
2022-04-02,Smartwatch,South,Rep_4,16,747.82,10.0,22,5.0,0,10768.61
2022-04-02,Laptop,West,Rep_8,17,1842.81,5.0,51,4.0,0,29761.38
2022-04-02,Phone,Central,Rep_20,26,872.52,5.0,39,4.0,0,21551.24
2022-04-03,Laptop,West,Rep_20,2,372.23,10.0,56,2.0,0,670.01
2022-04-03,Laptop,East,Rep_18,12,1457.97,0.0,30,3.0,0,17495.64
2022-04-03,Headphones,South,Rep_14,26,657.37,0.0,64,2.0,0,17091.62
2022-04-04,Tablet,East,Rep_18,23,1098.39,20.0,20,5.0,1,20210.38
2022-04-05,Smartwatch,North,Rep_14,18,1425.88,0.0,37,5.0,0,25665.84
2022-04-05,Laptop,North,Rep_20,32,1810.5,5.0,48,4.0,0,55039.2
2022-04-05,Smartwatch,West,Rep_15,49,1605.16,20.0,22,3.0,0,62922.27
2022-04-06,Laptop,Central,Rep_4,38,1385.09,10.0,41,5.0,0,47370.08
2022-04-07,Phone,East,Rep_13,47,1391.3,5.0,57,3.0,0,62121.54
2022-04-07,Laptop,Central,Rep_8,3,1897.26,0.0,50,3.0,0,5691.78
2022-04-07,Headphones,West,Rep_18,38,662.07,0.0,25,4.0,0,25158.66
2022-04-07,Tablet,North,Rep_12,3,102.11,15.0,41,5.0,0,260.38
2022-04-07,Phone,Central,Rep_14,30,616.71,5.0,67,,0,17576.24
2022-04-08,Laptop,Central,Rep_2,1,513.99,5.0,37,3.0,0,488.29
2022-04-08,Smartwatch,North,Rep_18,30,1357.49,0.0,33,5.0,0,40724.7
2022-04-09,Phone,East,Rep_2,45,1304.05,0.0,67,,0,58682.25
2022-04-10,Phone,North,Rep_11,32,1227.58,20.0,69,,0,31426.05
2022-04-10,Laptop,Central,Rep_9,28,130.86,0.0,29,4.0,0,3664.08
2022-04-10,Phone,East,Rep_12,21,1484.68,10.0,30,5.0,0,28060.45
2022-04-11,Smartwatch,East,Rep_17,46,714.71,0.0,62,4.0,0,32876.66
2022-04-12,Phone,North,Rep_15,13,1363.61,10.0,59,5.0,0,15954.24
2022-04-12,Smartwatch,Central,Rep_17,27,1157.5,20.0,56,4.0,0,25002.0
2022-04-12,Laptop,West,Rep_18,36,751.19,5.0,42,2.0,0,25690.7
2022-04-12,Tablet,Central,Rep_6,7,355.69,0.0,63,,0,2489.83
2022-04-13,Phone,South,Rep_17,22,279.4,5.0,49,4.0,0,5839.46
2022-04-14,Tablet,West,Rep_18,10,1679.88,10.0,41,3.0,0,15118.92
2022-04-14,Smartwatch,East,Rep_8,39,1844.96,5.0,65,4.0,0,68355.77
2022-04-14,Phone,West,Rep_9,15,1334.6,15.0,64,3.0,0,17016.15
2022-04-14,Headphones,East,Rep_6,15,296.52,10.0,61,2.0,0,4003.02
2022-04-15,Tablet,East,Rep_5,4,863.85,15.0,26,1.0,0,2937.09
2022-04-15,Phone,West,Rep_12,32,1484.98,10.0,57,4.0,0,42767.42
2022-04-15,Tablet,East,Rep_11,23,1581.66,0.0,67,5.0,0,36378.18
2022-04-15,Phone,East,Rep_1,6,324.62,0.0,40,4.0,0,1947.72
2022-04-16,Laptop,South,Rep_11,24,100.06,0.0,67,5.0,0,2401.44
2022-04-16,Tablet,Central,Rep_19,20,1453.06,20.0,30,3.0,0,23248.96
2022-04-17,Headphones,Central,Rep_9,37,777.53,,49,3.0,0,28768.61
2022-04-17,Headphones,South,Rep_2,20,583.51,10.0,67,3.0,0,10503.18
2022-04-17,Smartwatch,West,Rep_12,12,124.51,0.0,32,3.0,0,1494.12
2022-04-17,Phone,North,Rep_4,33,1126.57,0.0,53,3.0,0,37176.81
2022-04-19,Tablet,North,Rep_4,28,1717.19,10.0,66,5.0,0,43273.19
2022-04-19,Smartwatch,North,Rep_18,8,1919.5,5.0,22,5.0,0,14588.2
2022-04-19,Tablet,South,Rep_15,1,1174.92,0.0,39,5.0,0,1174.92
2022-04-19,Phone,South,Rep_19,37,1077.48,10.0,33,3.0,0,35880.08
2022-04-19,Headphones,East,Rep_13,22,261.61,0.0,58,5.0,0,5755.42
2022-04-19,Laptop,North,Rep_19,6,1142.86,0.0,27,3.0,0,6857.16
2022-04-20,Headphones,West,Rep_17,21,821.96,5.0,41,2.0,0,16398.1
2022-04-20,Smartwatch,West,Rep_6,32,1253.56,0.0,35,5.0,0,40113.92
2022-04-20,Laptop,North,Rep_16,35,838.58,20.0,66,4.0,0,23480.24
2022-04-20,Smartwatch,North,Rep_12,15,556.57,0.0,35,3.0,0,8348.55
2022-04-21,Phone,North,Rep_19,5,280.43,0.0,24,4.0,0,1402.15
2022-04-21,Laptop,South,Rep_5,46,698.35,0.0,21,3.0,0,32124.1
2022-04-21,Smartwatch,South,Rep_17,48,283.63,10.0,43,5.0,0,12252.82
2022-04-21,Phone,South,Rep_1,6,436.1,5.0,22,4.0,0,2485.77
2022-04-22,Headphones,Central,Rep_10,25,1975.94,5.0,33,5.0,0,46928.58
2022-04-22,Phone,West,Rep_15,46,943.8,0.0,52,2.0,0,43414.8
2022-04-22,Tablet,West,Rep_11,40,1110.56,0.0,43,4.0,0,44422.4
2022-04-22,Phone,East,Rep_13,29,1759.88,5.0,35,4.0,0,48484.69
2022-04-22,Phone,South,Rep_5,7,1991.58,15.0,46,4.0,0,11849.9
2022-04-23,Tablet,Central,Rep_1,40,1207.16,15.0,40,3.0,0,41043.44
2022-04-23,Smartwatch,Central,Rep_12,13,1643.7,0.0,31,5.0,1,21368.1
2022-04-24,Smartwatch,West,Rep_11,38,721.19,5.0,32,5.0,0,26034.96
2022-04-24,Phone,South,Rep_17,18,680.91,20.0,66,5.0,0,9805.1
2022-04-24,Tablet,East,Rep_4,2,865.14,0.0,50,5.0,1,1730.28
2022-04-25,Tablet,South,Rep_15,8,1377.76,15.0,42,5.0,0,9368.77
2022-04-25,Headphones,North,Rep_9,11,1396.16,0.0,38,,0,15357.76
2022-04-25,Smartwatch,South,Rep_20,33,698.95,20.0,34,5.0,0,18452.28
2022-04-26,Laptop,North,Rep_19,38,353.1,10.0,40,3.0,0,12076.02
2022-04-26,Smartwatch,North,Rep_19,48,1301.55,20.0,60,,0,49979.52
2022-04-27,Smartwatch,East,Rep_12,27,343.82,10.0,34,3.0,0,8354.83
2022-04-27,Headphones,West,Rep_5,20,1199.14,0.0,31,4.0,0,23982.8
2022-04-27,Laptop,South,Rep_10,12,1417.5,20.0,46,3.0,0,13608.0
2022-04-27,Headphones,North,Rep_17,43,1431.16,0.0,37,5.0,1,61539.88
2022-04-27,Laptop,South,Rep_5,31,1531.6,0.0,47,3.0,0,47479.6
2022-04-28,Phone,West,Rep_16,27,1758.43,10.0,36,2.0,0,42729.85
2022-04-28,Laptop,West,Rep_7,32,1049.92,10.0,56,4.0,0,30237.7
2022-04-29,Headphones,Central,Rep_9,10,1487.47,20.0,30,2.0,0,11899.76
2022-04-29,Smartwatch,West,Rep_3,3,1276.43,0.0,35,2.0,0,3829.29
2022-04-30,Laptop,East,Rep_15,45,454.62,10.0,40,3.0,1,18412.11
2022-04-30,Laptop,North,Rep_16,27,148.81,10.0,63,4.0,0,3616.08
2022-05-01,Tablet,Central,Rep_18,35,640.63,0.0,50,4.0,0,22422.05
2022-05-01,Smartwatch,East,Rep_14,31,941.76,0.0,56,5.0,0,29194.56
2022-05-01,Phone,South,Rep_3,15,1272.5,0.0,57,5.0,0,19087.5
2022-05-02,Headphones,North,Rep_12,16,1714.92,0.0,35,4.0,0,27438.72
2022-05-02,Phone,West,Rep_9,13,472.87,,26,3.0,0,6147.31
2022-05-02,Smartwatch,North,Rep_7,49,338.54,10.0,50,3.0,0,14929.61
2022-05-03,Laptop,South,Rep_9,35,1930.61,10.0,49,5.0,0,60814.22
2022-05-03,Laptop,Central,Rep_13,11,305.28,20.0,34,2.0,0,2686.46
2022-05-03,Smartwatch,Central,Rep_18,21,1009.13,0.0,36,1.0,0,21191.73
2022-05-04,Laptop,Central,Rep_5,11,1212.57,15.0,44,5.0,0,11337.53
2022-05-05,Laptop,West,Rep_13,30,1128.61,5.0,23,4.0,0,32165.38
2022-05-05,Laptop,East,Rep_4,48,263.46,15.0,52,2.0,0,10749.17
2022-05-05,Headphones,East,Rep_2,35,208.35,0.0,54,3.0,0,7292.25
2022-05-05,Headphones,North,Rep_16,22,300.42,20.0,51,5.0,1,5287.39
2022-05-05,Tablet,West,Rep_9,38,1212.62,0.0,37,5.0,0,46079.56
2022-05-05,Phone,Central,Rep_9,31,1134.26,0.0,42,5.0,0,35162.06
2022-05-06,Smartwatch,Central,Rep_6,14,544.11,10.0,21,4.0,0,6855.79
2022-05-06,Smartwatch,South,Rep_11,24,1311.77,0.0,27,4.0,0,31482.48
2022-05-06,Smartwatch,South,Rep_1,49,1658.13,10.0,27,5.0,0,73123.53
2022-05-06,Tablet,Central,Rep_4,32,179.0,5.0,41,5.0,0,5441.6
2022-05-06,Headphones,Central,Rep_13,36,1046.45,10.0,38,3.0,0,33904.98
2022-05-06,Tablet,West,Rep_13,32,1409.69,0.0,28,5.0,0,45110.08
2022-05-06,Smartwatch,East,Rep_13,15,579.39,0.0,44,3.0,1,8690.85
2022-05-07,Phone,South,Rep_2,43,684.76,0.0,33,3.0,0,29444.68
2022-05-07,Laptop,East,Rep_9,35,1265.91,5.0,43,4.0,0,42091.51
2022-05-07,Headphones,West,Rep_8,3,1806.08,0.0,47,4.0,0,5418.24
2022-05-08,Headphones,Central,Rep_7,16,1638.86,0.0,66,5.0,0,26221.76
2022-05-09,Tablet,East,Rep_4,5,1207.95,0.0,33,2.0,0,6039.75
2022-05-09,Headphones,Central,Rep_18,21,1487.42,0.0,24,4.0,0,31235.82
2022-05-10,Smartwatch,Central,Rep_3,10,793.16,5.0,33,5.0,0,7535.02
2022-05-10,Smartwatch,North,Rep_6,19,1317.83,15.0,52,5.0,0,21282.95
2022-05-10,Tablet,East,Rep_12,25,985.75,,33,,0,24643.75
2022-05-10,Smartwatch,East,Rep_12,4,460.88,5.0,57,4.0,0,1751.34
2022-05-11,Phone,Central,Rep_8,29,1433.3,10.0,29,4.0,0,37409.13
2022-05-11,Tablet,West,Rep_1,19,1157.28,5.0,52,3.0,0,20888.9
2022-05-11,Phone,North,Rep_4,43,781.38,,66,5.0,0,33599.34
2022-05-12,Laptop,Central,Rep_11,2,1831.54,5.0,38,5.0,0,3479.93
2022-05-12,Phone,South,Rep_3,10,139.77,5.0,67,3.0,0,1327.82
2022-05-13,Laptop,South,Rep_13,43,699.97,0.0,60,2.0,0,30098.71
2022-05-13,Laptop,North,Rep_17,25,208.07,10.0,53,2.0,0,4681.58
2022-05-14,Phone,West,Rep_10,20,1556.4,,65,5.0,0,31128.0
2022-05-14,Tablet,Central,Rep_12,48,1434.0,0.0,34,3.0,0,68832.0
2022-05-14,Smartwatch,East,Rep_15,19,729.57,0.0,49,4.0,0,13861.83
2022-05-15,Smartwatch,North,Rep_10,23,1383.76,20.0,58,4.0,0,25461.18
2022-05-15,Laptop,West,Rep_14,24,852.28,5.0,23,4.0,0,19431.98
2022-05-15,Laptop,East,Rep_13,11,1536.88,,41,2.0,0,16905.68
2022-05-15,Tablet,South,Rep_5,46,962.95,20.0,44,3.0,0,35436.56
2022-05-16,Headphones,South,Rep_6,34,883.33,10.0,37,5.0,0,27029.9
2022-05-16,Phone,East,Rep_2,28,1875.99,,42,5.0,0,52527.72
2022-05-16,Laptop,North,Rep_17,5,576.67,10.0,19,5.0,0,2595.02
2022-05-17,Smartwatch,South,Rep_4,5,328.85,15.0,26,1.0,0,1397.61
2022-05-17,Tablet,Central,Rep_14,21,1210.63,5.0,45,3.0,0,24152.07
2022-05-18,Phone,East,Rep_10,12,1941.71,5.0,55,4.0,0,22135.49
2022-05-18,Tablet,East,Rep_3,4,817.89,0.0,20,3.0,0,3271.56
2022-05-18,Phone,South,Rep_3,49,217.87,20.0,37,5.0,0,8540.5
2022-05-18,Phone,North,Rep_15,42,744.68,10.0,23,4.0,0,28148.9
2022-05-19,Laptop,Central,Rep_6,20,1061.27,0.0,56,2.0,0,21225.4
2022-05-19,Tablet,North,Rep_17,38,407.65,15.0,50,5.0,0,13167.1
2022-05-19,Tablet,West,Rep_12,25,1350.39,5.0,18,5.0,0,32071.76
2022-05-19,Smartwatch,West,Rep_20,14,1995.72,0.0,54,2.0,0,27940.08
2022-05-21,Smartwatch,South,Rep_11,11,958.31,,23,4.0,0,10541.41
2022-05-22,Laptop,South,Rep_4,32,773.98,5.0,62,,1,23528.99
2022-05-22,Laptop,South,Rep_6,11,861.34,15.0,51,4.0,0,8053.53
2022-05-22,Headphones,West,Rep_1,18,318.78,0.0,64,3.0,0,5738.04
2022-05-22,Smartwatch,North,Rep_20,27,1778.22,15.0,32,4.0,0,40810.15
2022-05-22,Phone,North,Rep_16,18,888.17,5.0,62,5.0,0,15187.71
2022-05-22,Tablet,South,Rep_15,23,835.82,0.0,43,4.0,0,19223.86
2022-05-22,Laptop,Central,Rep_17,11,1353.41,20.0,31,2.0,0,11910.01
2022-05-23,Tablet,North,Rep_8,21,939.86,5.0,24,4.0,1,18750.21
2022-05-23,Tablet,West,Rep_12,44,1331.64,,63,3.0,0,58592.16
2022-05-23,Headphones,East,Rep_10,5,216.75,5.0,48,5.0,0,1029.56
2022-05-24,Smartwatch,East,Rep_15,23,1646.07,15.0,41,4.0,0,32180.67
2022-05-24,Laptop,East,Rep_9,41,1886.96,0.0,48,3.0,0,77365.36
2022-05-24,Tablet,Central,Rep_2,25,1332.65,0.0,46,3.0,0,33316.25
2022-05-24,Laptop,South,Rep_5,41,1913.68,0.0,59,5.0,0,78460.88
2022-05-24,Phone,West,Rep_6,10,387.72,0.0,49,3.0,0,3877.2
2022-05-25,Headphones,Central,Rep_7,22,1007.09,10.0,34,5.0,0,19940.38
2022-05-25,Phone,West,Rep_1,19,1243.43,5.0,31,3.0,0,22443.91
2022-05-25,Laptop,West,Rep_7,1,1205.3,,57,3.0,0,1205.3
2022-05-25,Laptop,South,Rep_20,7,862.78,0.0,53,4.0,0,6039.46
2022-05-26,Smartwatch,East,Rep_12,4,742.36,0.0,65,5.0,0,2969.44
2022-05-26,Tablet,South,Rep_16,1,340.97,20.0,41,5.0,0,272.78
2022-05-26,Tablet,Central,Rep_16,15,844.31,0.0,62,3.0,0,12664.65
2022-05-26,Phone,Central,Rep_11,40,409.06,20.0,44,4.0,0,13089.92
2022-05-27,Headphones,Central,Rep_4,12,1495.29,5.0,42,2.0,0,17046.31
2022-05-28,Tablet,South,Rep_13,22,496.78,0.0,49,4.0,0,10929.16
2022-05-28,Smartwatch,West,Rep_7,22,211.27,15.0,69,4.0,0,3950.75
2022-05-28,Phone,West,Rep_4,47,1149.5,5.0,35,5.0,0,51325.18
2022-05-30,Phone,North,Rep_15,17,1230.94,10.0,63,5.0,0,18833.38
2022-05-30,Smartwatch,Central,Rep_19,29,1756.63,20.0,35,4.0,0,40753.82
2022-05-31,Headphones,West,Rep_9,46,1196.27,,54,4.0,0,55028.42
2022-05-31,Smartwatch,North,Rep_11,14,756.41,0.0,43,5.0,0,10589.74
2022-06-01,Headphones,West,Rep_8,20,1625.72,10.0,26,5.0,0,29262.96
2022-06-01,Smartwatch,Central,Rep_1,48,1126.53,0.0,52,1.0,0,54073.44
2022-06-01,Smartwatch,East,Rep_8,33,250.63,0.0,25,3.0,0,8270.79
2022-06-01,Laptop,Central,Rep_13,43,1175.12,0.0,37,,0,50530.16
2022-06-01,Phone,South,Rep_4,15,1825.24,0.0,59,,0,27378.6
2022-06-01,Smartwatch,West,Rep_8,12,852.99,10.0,39,3.0,0,9212.29
2022-06-01,Smartwatch,West,Rep_3,40,663.02,0.0,36,1.0,0,26520.8
2022-06-02,Tablet,South,Rep_9,20,372.59,5.0,47,4.0,0,7079.21
2022-06-02,Phone,South,Rep_2,30,387.75,10.0,45,3.0,0,10469.25
2022-06-03,Tablet,East,Rep_2,38,922.27,5.0,52,2.0,1,33293.95
2022-06-03,Phone,West,Rep_13,3,1231.79,0.0,60,3.0,0,3695.37
2022-06-04,Tablet,West,Rep_15,28,253.17,10.0,28,,0,6379.88
2022-06-04,Smartwatch,East,Rep_12,26,1885.18,0.0,48,5.0,0,49014.68
2022-06-04,Smartwatch,North,Rep_4,30,1534.75,10.0,66,,0,41438.25
2022-06-05,Laptop,East,Rep_8,13,1214.59,15.0,65,4.0,0,13421.22
2022-06-05,Tablet,Central,Rep_9,13,1674.03,5.0,56,5.0,0,20674.27
2022-06-05,Headphones,West,Rep_5,2,252.35,5.0,53,3.0,0,479.46
2022-06-06,Laptop,South,Rep_20,37,1005.99,5.0,47,3.0,0,35360.55
2022-06-06,Tablet,Central,Rep_18,49,1297.18,0.0,40,3.0,0,63561.82
2022-06-06,Tablet,West,Rep_11,38,1674.44,15.0,36,3.0,0,54084.41
2022-06-07,Laptop,East,Rep_15,2,1588.59,15.0,29,4.0,0,2700.6
2022-06-07,Smartwatch,Central,Rep_9,36,626.43,0.0,32,5.0,0,22551.48
2022-06-07,Tablet,West,Rep_17,26,1887.67,10.0,48,,0,44171.48
2022-06-08,Smartwatch,North,Rep_12,11,336.26,20.0,60,4.0,0,2959.09
2022-06-09,Laptop,North,Rep_7,8,1762.75,20.0,54,5.0,0,11281.6
2022-06-09,Smartwatch,South,Rep_10,44,1944.79,,54,1.0,0,85570.76
2022-06-09,Phone,West,Rep_10,40,436.59,5.0,32,3.0,0,16590.42
2022-06-09,Headphones,North,Rep_13,43,1471.93,0.0,46,4.0,0,63292.99
2022-06-09,Tablet,East,Rep_19,22,176.54,20.0,67,4.0,1,3107.1
2022-06-10,Headphones,West,Rep_11,20,870.3,0.0,60,1.0,0,17406.0
2022-06-10,Smartwatch,East,Rep_13,8,1080.94,5.0,43,4.0,0,8215.14
2022-06-10,Tablet,East,Rep_8,29,1203.23,0.0,61,4.0,0,34893.67
2022-06-10,Smartwatch,North,Rep_8,40,1878.28,0.0,19,4.0,0,75131.2
2022-06-11,Phone,West,Rep_4,26,1377.28,5.0,37,4.0,0,34018.82
2022-06-12,Laptop,Central,Rep_15,30,1014.43,20.0,32,3.0,0,24346.32
2022-06-12,Tablet,North,Rep_11,17,1638.38,0.0,69,2.0,0,27852.46
2022-06-12,Phone,North,Rep_11,20,1906.01,5.0,21,4.0,0,36214.19
2022-06-12,Phone,West,Rep_1,16,141.93,0.0,39,,0,2270.88
2022-06-12,Tablet,West,Rep_17,46,1966.79,0.0,67,5.0,0,90472.34
2022-06-13,Smartwatch,East,Rep_15,43,263.65,5.0,55,4.0,0,10770.1
2022-06-14,Phone,West,Rep_20,7,1647.33,5.0,40,3.0,0,10954.74
2022-06-14,Headphones,East,Rep_6,16,632.64,0.0,43,5.0,0,10122.24
2022-06-15,Phone,North,Rep_15,45,351.14,0.0,68,4.0,0,15801.3
2022-06-15,Smartwatch,South,Rep_9,47,935.73,0.0,28,3.0,0,43979.31
2022-06-15,Smartwatch,Central,Rep_14,48,1323.52,0.0,45,5.0,0,63528.96
2022-06-15,Headphones,North,Rep_18,27,823.81,20.0,19,5.0,0,17794.3
2022-06-16,Phone,West,Rep_17,23,203.67,20.0,25,,0,3747.53
2022-06-16,Smartwatch,Central,Rep_18,24,1238.98,0.0,46,1.0,0,29735.52
2022-06-16,Tablet,South,Rep_5,9,1814.57,5.0,28,4.0,0,15514.57
2022-06-16,Laptop,South,Rep_20,35,828.11,20.0,54,5.0,0,23187.08
2022-06-16,Laptop,East,Rep_20,20,511.03,0.0,35,2.0,0,10220.6
2022-06-17,Laptop,Central,Rep_9,37,940.9,15.0,67,3.0,0,29591.3
2022-06-17,Phone,East,Rep_11,42,191.89,20.0,31,5.0,1,6447.5
2022-06-17,Headphones,North,Rep_1,17,1658.93,0.0,27,1.0,0,28201.81
2022-06-18,Smartwatch,Central,Rep_18,47,1670.05,0.0,52,5.0,1,78492.35
2022-06-18,Tablet,North,Rep_6,31,1217.2,20.0,26,4.0,0,30186.56
2022-06-20,Tablet,East,Rep_2,8,770.9,,52,4.0,0,6167.2
2022-06-20,Phone,Central,Rep_15,15,1619.59,0.0,28,1.0,0,24293.85
2022-06-20,Laptop,East,Rep_14,31,1153.91,0.0,61,5.0,0,35771.21
2022-06-20,Phone,Central,Rep_5,30,1669.27,5.0,29,4.0,0,47574.2
2022-06-21,Headphones,East,Rep_6,46,1299.77,10.0,20,4.0,0,53810.48
2022-06-21,Headphones,South,Rep_6,20,1590.37,10.0,56,4.0,0,28626.66
2022-06-21,Smartwatch,East,Rep_18,39,1237.27,20.0,31,5.0,0,38602.82
2022-06-21,Smartwatch,South,Rep_14,12,886.87,0.0,45,5.0,0,10642.44
2022-06-21,Headphones,East,Rep_10,49,1920.1,5.0,28,4.0,0,89380.65
2022-06-22,Headphones,Central,Rep_14,17,1128.12,5.0,56,4.0,0,18219.14
2022-06-22,Headphones,Central,Rep_13,42,1249.67,5.0,42,5.0,0,49861.83
2022-06-22,Phone,Central,Rep_3,30,518.93,,38,4.0,0,15567.9
2022-06-22,Headphones,West,Rep_6,29,1288.74,20.0,27,3.0,0,29898.77
2022-06-23,Tablet,North,Rep_8,19,1186.05,15.0,60,2.0,0,19154.71
2022-06-23,Laptop,Central,Rep_12,46,451.19,5.0,32,5.0,0,19717.0
2022-06-23,Headphones,South,Rep_13,11,213.22,10.0,36,4.0,0,2110.88
2022-06-24,Laptop,Central,Rep_11,34,1248.28,0.0,65,4.0,0,42441.52
2022-06-24,Phone,West,Rep_12,7,1551.02,5.0,39,4.0,0,10314.28
2022-06-24,Laptop,South,Rep_1,44,1094.46,10.0,38,3.0,1,43340.62
2022-06-24,Phone,West,Rep_17,34,530.87,5.0,69,4.0,0,17147.1
2022-06-24,Tablet,South,Rep_16,20,1366.39,20.0,61,2.0,0,21862.24
2022-06-25,Phone,East,Rep_11,38,252.2,10.0,49,4.0,0,8625.24
2022-06-25,Phone,North,Rep_13,24,939.48,0.0,67,4.0,0,22547.52
2022-06-25,Smartwatch,North,Rep_18,10,410.4,10.0,40,4.0,0,3693.6
2022-06-25,Headphones,West,Rep_11,32,450.47,0.0,30,5.0,1,14415.04
2022-06-25,Headphones,North,Rep_12,15,484.36,0.0,22,5.0,0,7265.4
2022-06-26,Tablet,West,Rep_6,37,834.74,0.0,21,5.0,0,30885.38
2022-06-26,Tablet,West,Rep_9,20,197.19,5.0,45,1.0,0,3746.61
2022-06-26,Headphones,West,Rep_16,3,855.81,10.0,31,3.0,0,2310.69
2022-06-28,Smartwatch,North,Rep_4,37,1072.24,5.0,25,4.0,0,37689.24
2022-06-28,Headphones,West,Rep_3,40,1018.26,10.0,26,5.0,0,36657.36
2022-06-28,Smartwatch,North,Rep_16,8,827.29,5.0,68,5.0,0,6287.4
2022-06-29,Tablet,West,Rep_12,40,1694.38,,52,5.0,0,67775.2
2022-06-29,Laptop,Central,Rep_11,44,376.12,15.0,54,3.0,0,14066.89
2022-06-30,Tablet,West,Rep_5,23,1060.82,0.0,38,4.0,0,24398.86
2022-06-30,Tablet,South,Rep_18,40,217.88,0.0,35,4.0,0,8715.2
2022-06-30,Phone,West,Rep_19,11,235.2,5.0,50,,0,2457.84
2022-07-01,Phone,East,Rep_6,46,1190.35,0.0,25,1.0,0,54756.1
2022-07-01,Phone,West,Rep_18,8,1175.44,0.0,68,5.0,0,9403.52
2022-07-01,Phone,South,Rep_6,29,1768.26,10.0,66,3.0,0,46151.59
2022-07-01,Smartwatch,South,Rep_4,30,1159.96,5.0,34,3.0,0,33058.86
2022-07-02,Headphones,North,Rep_12,10,1923.6,5.0,60,2.0,0,18274.2
2022-07-02,Laptop,Central,Rep_19,39,192.52,20.0,48,5.0,0,6006.62
2022-07-02,Tablet,West,Rep_2,28,286.21,5.0,51,4.0,0,7613.19
2022-07-02,Smartwatch,North,Rep_17,49,183.73,15.0,23,4.0,0,7652.35
2022-07-03,Laptop,Central,Rep_11,36,452.03,0.0,39,5.0,0,16273.08
2022-07-03,Smartwatch,West,Rep_11,13,1128.41,5.0,31,3.0,0,13935.86
2022-07-04,Smartwatch,East,Rep_16,32,1326.59,15.0,20,4.0,0,36083.25
2022-07-04,Tablet,West,Rep_2,36,186.61,5.0,29,1.0,0,6382.06
2022-07-04,Headphones,South,Rep_2,37,1897.34,10.0,53,3.0,0,63181.42
2022-07-05,Phone,South,Rep_8,26,1700.11,0.0,29,5.0,0,44202.86
2022-07-06,Headphones,East,Rep_13,22,663.56,0.0,62,5.0,1,14598.32
2022-07-06,Tablet,North,Rep_10,4,246.66,5.0,19,4.0,0,937.31
2022-07-06,Tablet,Central,Rep_8,31,422.79,0.0,19,4.0,0,13106.49
2022-07-07,Tablet,West,Rep_4,18,341.19,15.0,32,,0,5220.21
2022-07-07,Laptop,South,Rep_15,38,334.24,0.0,40,1.0,0,12701.12
2022-07-07,Headphones,North,Rep_1,24,1085.27,20.0,46,3.0,0,20837.18
2022-07-07,Headphones,East,Rep_11,23,567.11,20.0,34,3.0,0,10434.82
2022-07-08,Smartwatch,South,Rep_7,22,780.47,0.0,49,3.0,0,17170.34
2022-07-08,Smartwatch,East,Rep_17,2,1980.06,0.0,24,5.0,0,3960.12
2022-07-08,Smartwatch,West,Rep_20,31,1400.2,15.0,47,3.0,0,36895.27
2022-07-08,Tablet,Central,Rep_18,11,1903.06,20.0,45,3.0,0,16746.93
2022-07-08,Headphones,South,Rep_12,28,370.86,5.0,31,4.0,0,9864.88
2022-07-09,Tablet,South,Rep_9,46,826.07,0.0,61,,0,37999.22
2022-07-10,Laptop,West,Rep_5,32,1153.99,5.0,47,,0,35081.3
2022-07-10,Smartwatch,North,Rep_10,5,245.84,10.0,34,2.0,0,1106.28
2022-07-10,Tablet,Central,Rep_4,38,107.96,,49,4.0,0,4102.48
2022-07-10,Tablet,South,Rep_5,10,1373.83,10.0,63,5.0,0,12364.47
2022-07-11,Laptop,Central,Rep_10,40,1319.46,0.0,23,4.0,0,52778.4
2022-07-11,Phone,South,Rep_11,46,880.5,0.0,68,,0,40503.0
2022-07-12,Headphones,Central,Rep_10,24,1030.32,0.0,41,5.0,0,24727.68
2022-07-12,Phone,East,Rep_8,35,889.34,0.0,23,,0,31126.9
2022-07-12,Smartwatch,South,Rep_2,44,145.61,0.0,44,4.0,0,6406.84
2022-07-13,Tablet,Central,Rep_8,48,737.21,5.0,35,4.0,0,33616.78
2022-07-13,Laptop,North,Rep_16,23,436.46,0.0,41,1.0,0,10038.58
2022-07-13,Laptop,East,Rep_5,17,287.01,0.0,54,5.0,0,4879.17
2022-07-13,Headphones,East,Rep_3,1,1917.77,0.0,41,4.0,0,1917.77
2022-07-13,Phone,North,Rep_12,31,1238.78,20.0,55,3.0,0,30721.74
2022-07-14,Headphones,Central,Rep_13,31,1484.45,5.0,51,,0,43717.05
2022-07-14,Tablet,West,Rep_13,42,699.19,5.0,57,3.0,0,27897.68
2022-07-15,Headphones,North,Rep_10,42,846.98,5.0,64,4.0,0,33794.5
2022-07-15,Laptop,Central,Rep_4,34,550.16,20.0,32,4.0,0,14964.35
2022-07-16,Laptop,North,Rep_9,9,284.23,0.0,28,4.0,0,2558.07
2022-07-17,Smartwatch,North,Rep_2,22,440.16,10.0,39,5.0,0,8715.17
2022-07-17,Smartwatch,South,Rep_19,13,1615.28,10.0,41,3.0,0,18898.78
2022-07-17,Tablet,Central,Rep_1,25,1387.34,10.0,18,4.0,0,31215.15
2022-07-18,Phone,West,Rep_7,48,1139.16,0.0,35,4.0,0,54679.68
2022-07-18,Headphones,South,Rep_17,18,1002.67,10.0,61,4.0,1,16243.25
2022-07-19,Tablet,North,Rep_3,12,1852.63,0.0,29,5.0,1,22231.56
2022-07-19,Smartwatch,North,Rep_20,40,238.2,5.0,60,4.0,0,9051.6
2022-07-19,Headphones,North,Rep_20,17,633.14,10.0,45,4.0,0,9687.04
2022-07-19,Smartwatch,Central,Rep_3,15,764.88,0.0,57,3.0,0,11473.2
2022-07-20,Headphones,Central,Rep_3,42,1586.61,15.0,24,5.0,0,56641.98
2022-07-20,Phone,South,Rep_17,15,1985.78,,40,4.0,0,29786.7
2022-07-20,Tablet,West,Rep_7,15,557.27,15.0,38,5.0,0,7105.19
2022-07-21,Headphones,South,Rep_14,39,1761.18,5.0,51,,0,65251.72
2022-07-21,Laptop,East,Rep_17,13,1678.18,0.0,28,3.0,0,21816.34
2022-07-21,Laptop,North,Rep_18,17,526.85,0.0,39,4.0,0,8956.45
2022-07-21,Headphones,North,Rep_13,32,858.73,20.0,59,5.0,0,21983.49
2022-07-22,Headphones,North,Rep_20,9,878.38,0.0,52,4.0,0,7905.42
2022-07-23,Headphones,South,Rep_20,40,1958.62,,69,5.0,1,78344.8
2022-07-23,Laptop,South,Rep_18,20,443.69,0.0,46,4.0,0,8873.8
2022-07-23,Laptop,North,Rep_4,26,1618.4,10.0,59,4.0,0,37870.56
2022-07-23,Headphones,South,Rep_1,27,734.97,5.0,45,2.0,0,18851.98
2022-07-23,Smartwatch,Central,Rep_18,21,1488.65,0.0,35,5.0,0,31261.65
2022-07-24,Smartwatch,Central,Rep_1,18,898.02,0.0,31,3.0,0,16164.36
2022-07-24,Phone,South,Rep_13,13,1198.88,0.0,35,5.0,0,15585.44
2022-07-24,Tablet,North,Rep_20,16,1681.96,0.0,45,5.0,0,26911.36
2022-07-25,Smartwatch,South,Rep_20,9,1627.91,5.0,41,5.0,0,13918.63
2022-07-25,Laptop,South,Rep_10,12,1746.2,10.0,25,,0,18858.96
2022-07-25,Smartwatch,South,Rep_11,44,213.27,0.0,59,4.0,1,9383.88
2022-07-25,Phone,East,Rep_9,38,1414.9,0.0,62,5.0,0,53766.2
2022-07-25,Phone,Central,Rep_9,19,365.98,0.0,25,2.0,1,6953.62
2022-07-26,Tablet,West,Rep_5,7,890.06,20.0,21,4.0,0,4984.34
2022-07-26,Smartwatch,West,Rep_1,35,1142.32,20.0,44,1.0,0,31984.96
2022-07-26,Laptop,East,Rep_17,48,865.21,15.0,53,4.0,0,35300.57
2022-07-27,Laptop,South,Rep_2,18,1087.26,,22,3.0,0,19570.68
2022-07-27,Headphones,East,Rep_13,16,1993.4,0.0,50,3.0,0,31894.4
2022-07-27,Laptop,East,Rep_9,39,356.91,0.0,66,4.0,0,13919.49
2022-07-28,Tablet,North,Rep_4,4,1383.37,0.0,51,4.0,0,5533.48
2022-07-28,Tablet,Central,Rep_5,25,852.4,5.0,47,4.0,0,20244.5
2022-07-28,Laptop,West,Rep_11,32,352.72,10.0,25,2.0,0,10158.34
2022-07-29,Laptop,South,Rep_19,40,401.6,15.0,56,4.0,0,13654.4
2022-07-29,Headphones,West,Rep_3,13,1903.62,15.0,64,3.0,0,21035.0
2022-07-29,Laptop,West,Rep_12,45,1771.24,0.0,43,4.0,0,79705.8
2022-07-29,Headphones,Central,Rep_19,17,1823.38,10.0,54,4.0,0,27897.71
2022-07-30,Headphones,West,Rep_19,49,1983.91,0.0,51,4.0,0,97211.59
2022-07-30,Laptop,West,Rep_13,37,495.8,0.0,24,5.0,0,18344.6
2022-07-30,Phone,East,Rep_7,6,775.33,10.0,57,3.0,0,4186.78
2022-07-30,Phone,Central,Rep_15,19,1371.52,0.0,45,5.0,0,26058.88
2022-07-31,Headphones,North,Rep_7,13,1019.22,5.0,56,4.0,0,12587.37
2022-07-31,Laptop,South,Rep_8,26,894.94,0.0,56,4.0,0,23268.44
2022-07-31,Phone,West,Rep_5,14,779.84,10.0,45,,0,9825.98
2022-08-01,Laptop,South,Rep_14,31,1228.18,10.0,31,1.0,0,34266.22
2022-08-03,Laptop,North,Rep_4,4,1193.63,0.0,67,4.0,1,4774.52
2022-08-03,Laptop,South,Rep_10,39,406.77,15.0,55,4.0,0,13484.43
2022-08-03,Smartwatch,North,Rep_20,8,996.31,0.0,21,3.0,0,7970.48
2022-08-03,Laptop,East,Rep_15,25,1151.6,5.0,59,2.0,0,27350.5
2022-08-04,Smartwatch,West,Rep_18,13,1183.55,10.0,35,2.0,0,13847.54
2022-08-04,Headphones,North,Rep_20,32,499.2,10.0,61,5.0,0,14376.96
2022-08-04,Phone,South,Rep_13,38,1510.32,20.0,65,4.0,0,45913.73
2022-08-04,Phone,West,Rep_8,38,147.88,0.0,42,2.0,1,5619.44
2022-08-04,Phone,East,Rep_9,28,774.18,10.0,24,4.0,0,19509.34
2022-08-05,Phone,West,Rep_16,30,1582.4,10.0,55,4.0,0,42724.8
2022-08-05,Phone,North,Rep_19,3,1171.4,20.0,45,5.0,0,2811.36
2022-08-05,Phone,East,Rep_16,28,596.21,0.0,22,1.0,0,16693.88
2022-08-06,Phone,South,Rep_7,3,1420.41,10.0,20,3.0,0,3835.11
2022-08-06,Headphones,East,Rep_14,45,1178.04,5.0,61,5.0,0,50361.21
2022-08-06,Laptop,East,Rep_14,34,1612.86,0.0,48,1.0,0,54837.24
2022-08-07,Tablet,Central,Rep_4,16,1496.55,5.0,64,3.0,1,22747.56
2022-08-07,Smartwatch,East,Rep_15,22,1259.21,0.0,59,5.0,0,27702.62
2022-08-08,Tablet,East,Rep_3,32,1027.54,5.0,37,4.0,0,31237.22
2022-08-08,Tablet,West,Rep_5,38,353.05,15.0,36,3.0,0,11403.52
2022-08-09,Laptop,South,Rep_1,8,596.53,5.0,65,2.0,0,4533.63
2022-08-09,Laptop,West,Rep_3,8,896.29,10.0,28,1.0,0,6453.29
2022-08-10,Laptop,West,Rep_15,6,1238.67,5.0,57,3.0,0,7060.42
2022-08-10,Phone,North,Rep_8,14,1076.04,0.0,20,5.0,0,15064.56
2022-08-10,Headphones,West,Rep_4,32,647.55,0.0,40,4.0,0,20721.6
2022-08-11,Phone,Central,Rep_2,35,112.28,5.0,24,5.0,0,3733.31
2022-08-11,Headphones,Central,Rep_10,10,1042.85,0.0,40,,0,10428.5
2022-08-12,Headphones,North,Rep_4,3,642.69,0.0,24,4.0,1,1928.07
2022-08-12,Tablet,South,Rep_3,12,1495.76,5.0,63,3.0,0,17051.66
2022-08-12,Tablet,South,Rep_2,49,145.5,0.0,51,4.0,0,7129.5
2022-08-12,Headphones,West,Rep_17,31,1211.17,0.0,59,5.0,0,37546.27
2022-08-12,Headphones,West,Rep_20,29,1888.8,5.0,36,5.0,0,52036.44
2022-08-12,Phone,West,Rep_13,5,431.38,0.0,26,2.0,0,2156.9
2022-08-12,Phone,South,Rep_5,25,996.13,20.0,65,4.0,0,19922.6
2022-08-12,Tablet,East,Rep_9,41,273.7,15.0,68,4.0,0,9538.44
2022-08-13,Laptop,Central,Rep_6,31,1288.8,10.0,35,,0,35957.52
2022-08-14,Headphones,East,Rep_5,21,1146.01,0.0,58,2.0,0,24066.21
2022-08-14,Phone,East,Rep_10,20,873.99,10.0,65,4.0,0,15731.82
2022-08-15,Tablet,South,Rep_8,39,1090.62,15.0,62,5.0,0,36154.05
2022-08-15,Phone,East,Rep_7,22,1803.49,10.0,59,4.0,0,35709.1
2022-08-15,Headphones,North,Rep_7,4,472.96,0.0,42,4.0,0,1891.84
2022-08-16,Headphones,West,Rep_6,13,142.87,10.0,69,2.0,0,1671.58
2022-08-17,Smartwatch,North,Rep_20,45,1737.16,15.0,31,3.0,1,66446.37
2022-08-17,Laptop,Central,Rep_3,42,1196.52,5.0,61,3.0,0,47741.15
2022-08-17,Smartwatch,West,Rep_19,49,1792.25,10.0,42,5.0,0,79038.23
2022-08-18,Tablet,East,Rep_15,20,1234.2,5.0,36,3.0,0,23449.8
2022-08-18,Phone,Central,Rep_4,13,1639.31,5.0,56,4.0,0,20245.48
2022-08-18,Tablet,West,Rep_12,17,916.38,0.0,32,4.0,1,15578.46
2022-08-18,Headphones,East,Rep_6,36,1524.73,10.0,33,3.0,0,49401.25
2022-08-18,Smartwatch,North,Rep_19,33,1834.78,0.0,44,,0,60547.74
2022-08-18,Smartwatch,West,Rep_4,1,1187.03,5.0,57,,0,1127.68
2022-08-19,Smartwatch,East,Rep_15,15,443.49,0.0,27,5.0,0,6652.35
2022-08-19,Tablet,North,Rep_9,13,610.72,5.0,21,4.0,1,7542.39
2022-08-19,Headphones,Central,Rep_5,17,477.42,0.0,68,4.0,0,8116.14
2022-08-19,Phone,Central,Rep_13,24,569.03,10.0,36,2.0,0,12291.05
2022-08-20,Phone,Central,Rep_18,8,682.19,10.0,45,,0,4911.77
2022-08-20,Tablet,Central,Rep_5,27,1154.75,0.0,38,2.0,0,31178.25
2022-08-20,Smartwatch,South,Rep_16,45,1217.18,0.0,64,5.0,0,54773.1
2022-08-21,Laptop,West,Rep_19,23,910.35,0.0,31,3.0,0,20938.05
2022-08-21,Tablet,West,Rep_14,46,1269.3,15.0,50,5.0,1,49629.63
2022-08-21,Tablet,South,Rep_16,8,254.99,5.0,65,5.0,0,1937.92
2022-08-22,Headphones,East,Rep_15,8,266.8,5.0,27,5.0,0,2027.68
2022-08-22,Phone,East,Rep_4,26,426.48,0.0,36,3.0,1,11088.48
2022-08-22,Tablet,Central,Rep_7,47,1084.35,10.0,47,4.0,0,45868.0
2022-08-22,Tablet,North,Rep_16,13,506.59,15.0,39,4.0,0,5597.82
2022-08-22,Smartwatch,East,Rep_8,39,638.24,15.0,20,5.0,0,21157.66
2022-08-22,Smartwatch,North,Rep_17,37,860.59,10.0,54,2.0,0,28657.65
2022-08-23,Laptop,West,Rep_16,49,1642.55,0.0,58,5.0,0,80484.95
2022-08-23,Headphones,North,Rep_10,28,126.34,0.0,35,5.0,1,3537.52
2022-08-23,Laptop,West,Rep_10,25,1333.82,0.0,28,3.0,0,33345.5
2022-08-23,Smartwatch,South,Rep_2,16,1370.87,0.0,65,5.0,0,21933.92
2022-08-25,Phone,South,Rep_9,2,1617.45,0.0,19,4.0,0,3234.9
2022-08-26,Smartwatch,Central,Rep_17,18,1872.23,0.0,29,4.0,0,33700.14
2022-08-26,Headphones,East,Rep_11,17,138.26,0.0,23,3.0,0,2350.42
2022-08-27,Smartwatch,Central,Rep_10,30,392.19,20.0,60,4.0,0,9412.56
2022-08-27,Headphones,West,Rep_17,39,1783.73,10.0,57,5.0,1,62608.92
2022-08-27,Headphones,Central,Rep_4,13,971.19,15.0,61,4.0,0,10731.65
2022-08-27,Headphones,North,Rep_16,32,1172.72,10.0,46,4.0,0,33774.34
2022-08-27,Headphones,West,Rep_20,29,1359.75,0.0,47,4.0,0,39432.75
2022-08-28,Headphones,South,Rep_15,46,1390.23,10.0,19,5.0,0,57555.52
2022-08-28,Phone,East,Rep_5,30,1870.31,0.0,26,2.0,0,56109.3
2022-08-28,Laptop,West,Rep_6,18,1994.2,10.0,64,5.0,0,32306.04
2022-08-29,Tablet,West,Rep_17,13,1468.3,0.0,19,4.0,0,19087.9
2022-08-29,Laptop,North,Rep_1,43,645.72,20.0,46,3.0,0,22212.77
2022-08-30,Headphones,East,Rep_19,21,1771.53,0.0,50,3.0,0,37202.13
2022-08-30,Phone,South,Rep_4,30,193.52,0.0,27,4.0,0,5805.6
2022-08-30,Smartwatch,West,Rep_17,21,539.05,20.0,51,5.0,0,9056.04
2022-08-30,Phone,West,Rep_9,48,1805.03,,61,4.0,0,86641.44
2022-08-31,Headphones,North,Rep_2,17,586.76,10.0,25,5.0,0,8977.43
2022-08-31,Phone,Central,Rep_8,40,519.24,10.0,54,2.0,0,18692.64
2022-08-31,Phone,South,Rep_15,19,362.44,15.0,50,4.0,0,5853.41
2022-09-01,Headphones,East,Rep_7,15,1732.31,20.0,64,5.0,0,20787.72
2022-09-01,Phone,West,Rep_6,9,1050.11,20.0,23,5.0,0,7560.79
2022-09-03,Tablet,West,Rep_1,10,1382.3,0.0,61,3.0,0,13823.0
2022-09-03,Tablet,South,Rep_15,44,554.23,,57,4.0,0,24386.12
2022-09-03,Phone,Central,Rep_7,31,1540.28,10.0,62,3.0,0,42973.81
2022-09-04,Smartwatch,West,Rep_17,23,1544.01,10.0,36,4.0,0,31961.01
2022-09-04,Headphones,South,Rep_2,30,693.94,0.0,49,5.0,0,20818.2
2022-09-05,Tablet,North,Rep_9,33,880.3,10.0,44,5.0,1,26144.91
2022-09-05,Smartwatch,Central,Rep_9,9,498.41,20.0,18,3.0,0,3588.55
2022-09-05,Phone,East,Rep_13,47,1955.47,20.0,60,5.0,0,73525.67
2022-09-06,Smartwatch,West,Rep_6,1,1326.64,5.0,69,4.0,0,1260.31
2022-09-06,Laptop,South,Rep_6,44,1875.63,,50,4.0,1,82527.72
2022-09-06,Tablet,North,Rep_20,35,676.43,0.0,57,4.0,0,23675.05
2022-09-07,Phone,East,Rep_20,11,1585.59,15.0,49,4.0,0,14825.27
2022-09-07,Headphones,South,Rep_3,34,1555.13,10.0,22,4.0,0,47586.98
2022-09-07,Phone,South,Rep_17,16,1414.15,,34,4.0,0,22626.4
2022-09-07,Headphones,East,Rep_17,9,1934.71,0.0,25,,0,17412.39
2022-09-07,Phone,North,Rep_12,32,847.76,5.0,59,3.0,0,25771.9
2022-09-07,Smartwatch,North,Rep_16,15,348.36,5.0,51,5.0,0,4964.13
2022-09-08,Smartwatch,Central,Rep_15,12,1376.25,20.0,26,4.0,0,13212.0
2022-09-08,Smartwatch,West,Rep_13,33,1485.69,10.0,40,2.0,0,44124.99
2022-09-09,Laptop,East,Rep_1,45,1192.62,0.0,52,5.0,0,53667.9
2022-09-09,Headphones,East,Rep_17,14,492.95,5.0,67,5.0,0,6556.24
2022-09-09,Smartwatch,East,Rep_3,8,1058.47,0.0,24,5.0,0,8467.76
2022-09-10,Laptop,North,Rep_15,8,693.16,20.0,32,4.0,0,4436.22
2022-09-10,Headphones,West,Rep_4,27,912.19,0.0,37,2.0,0,24629.13
2022-09-10,Phone,Central,Rep_4,12,1325.92,5.0,67,4.0,1,15115.49
2022-09-11,Laptop,South,Rep_18,1,1515.91,0.0,42,2.0,0,1515.91
2022-09-11,Tablet,South,Rep_17,43,541.23,10.0,20,5.0,0,20945.6
2022-09-11,Laptop,East,Rep_19,40,870.12,10.0,63,3.0,0,31324.32
2022-09-11,Laptop,West,Rep_11,42,611.41,10.0,41,3.0,0,23111.3
2022-09-12,Headphones,North,Rep_20,11,477.4,0.0,51,4.0,0,5251.4
2022-09-12,Phone,West,Rep_3,39,1588.44,0.0,63,,0,61949.16
2022-09-12,Tablet,West,Rep_8,43,1827.58,0.0,39,5.0,0,78585.94
2022-09-12,Smartwatch,North,Rep_14,31,803.44,10.0,28,4.0,0,22415.98
2022-09-13,Smartwatch,East,Rep_1,17,1527.43,0.0,65,3.0,0,25966.31
2022-09-13,Laptop,West,Rep_14,33,1804.29,5.0,25,3.0,0,56564.49
2022-09-14,Headphones,South,Rep_2,32,1707.64,15.0,56,4.0,0,46447.81
2022-09-15,Headphones,North,Rep_4,29,447.35,,60,2.0,0,12973.15
2022-09-15,Smartwatch,Central,Rep_19,21,1916.95,5.0,52,4.0,0,38243.15
2022-09-15,Tablet,East,Rep_6,21,815.69,5.0,66,4.0,0,16273.02
2022-09-15,Phone,North,Rep_1,40,744.56,0.0,63,5.0,0,29782.4
2022-09-15,Tablet,Central,Rep_17,23,218.62,10.0,55,5.0,0,4525.43
2022-09-15,Phone,Central,Rep_8,6,1023.73,15.0,25,5.0,0,5221.02
2022-09-15,Smartwatch,West,Rep_19,22,307.13,0.0,54,5.0,0,6756.86
2022-09-15,Phone,West,Rep_1,38,572.23,5.0,44,3.0,0,20657.5
2022-09-16,Headphones,West,Rep_5,37,702.19,15.0,45,2.0,0,22083.88
2022-09-16,Laptop,North,Rep_16,45,1636.77,15.0,57,3.0,0,62606.45
2022-09-16,Laptop,North,Rep_6,8,1763.43,0.0,51,,0,14107.44
2022-09-17,Smartwatch,East,Rep_8,41,674.69,5.0,49,5.0,0,26279.18
2022-09-17,Headphones,West,Rep_13,49,1731.53,0.0,32,5.0,0,84844.97
2022-09-18,Tablet,Central,Rep_16,35,1728.74,0.0,61,2.0,0,60505.9
2022-09-18,Headphones,South,Rep_3,11,1552.84,20.0,34,5.0,0,13664.99
2022-09-18,Laptop,East,Rep_19,24,378.72,15.0,50,4.0,0,7725.89
2022-09-19,Laptop,North,Rep_12,49,1411.61,10.0,64,1.0,0,62252.0
2022-09-19,Headphones,East,Rep_16,21,1895.55,0.0,63,4.0,0,39806.55
2022-09-19,Headphones,East,Rep_11,2,1396.83,15.0,69,1.0,0,2374.61
2022-09-19,Laptop,East,Rep_10,40,730.07,5.0,33,4.0,0,27742.66
2022-09-20,Tablet,East,Rep_20,19,1051.1,0.0,46,3.0,0,19970.9
2022-09-20,Smartwatch,South,Rep_4,39,1326.88,5.0,26,4.0,0,49160.9
2022-09-22,Smartwatch,West,Rep_12,28,1070.08,,50,4.0,0,29962.24
2022-09-22,Headphones,Central,Rep_2,17,327.91,10.0,66,5.0,0,5017.02
2022-09-22,Smartwatch,East,Rep_19,6,692.92,5.0,46,4.0,0,3949.64
2022-09-22,Laptop,East,Rep_5,19,1624.55,0.0,30,4.0,0,30866.45
2022-09-23,Laptop,East,Rep_8,38,1736.69,0.0,38,5.0,0,65994.22
2022-09-23,Headphones,West,Rep_7,28,360.87,0.0,38,5.0,0,10104.36
2022-09-23,Headphones,North,Rep_14,2,1909.53,0.0,22,2.0,0,3819.06
2022-09-24,Headphones,North,Rep_3,38,724.76,5.0,27,4.0,0,26163.84
2022-09-24,Tablet,South,Rep_18,37,1358.4,15.0,23,3.0,0,42721.68
2022-09-24,Smartwatch,North,Rep_16,4,1528.47,0.0,68,1.0,0,6113.88
2022-09-24,Headphones,East,Rep_19,22,1642.7,0.0,30,4.0,0,36139.4
2022-09-25,Phone,East,Rep_19,26,1896.92,5.0,18,5.0,0,46853.92
2022-09-25,Phone,East,Rep_18,49,694.55,15.0,37,3.0,0,28928.01
2022-09-25,Laptop,South,Rep_20,43,1731.16,0.0,64,,0,74439.88
2022-09-25,Smartwatch,East,Rep_16,36,350.21,,63,5.0,1,12607.56
2022-09-26,Headphones,North,Rep_8,13,1439.58,5.0,25,5.0,1,17778.81
2022-09-26,Phone,West,Rep_1,32,1509.76,0.0,27,,0,48312.32
2022-09-26,Smartwatch,West,Rep_17,17,1387.67,0.0,26,5.0,0,23590.39
2022-09-26,Laptop,Central,Rep_12,41,579.4,10.0,66,3.0,0,21379.86
2022-09-27,Tablet,North,Rep_11,36,1758.78,10.0,58,,0,56984.47
2022-09-27,Smartwatch,East,Rep_5,46,420.83,5.0,20,2.0,0,18390.27
2022-09-28,Smartwatch,West,Rep_12,19,201.91,10.0,28,1.0,1,3452.66
2022-09-28,Tablet,North,Rep_17,35,1463.18,10.0,29,5.0,0,46090.17
2022-09-28,Smartwatch,West,Rep_6,46,1003.4,0.0,27,4.0,0,46156.4
2022-09-28,Laptop,East,Rep_1,40,1713.29,0.0,42,3.0,0,68531.6
2022-09-30,Laptop,West,Rep_5,28,828.45,0.0,66,3.0,0,23196.6
2022-09-30,Tablet,Central,Rep_14,1,419.73,0.0,66,4.0,0,419.73
2022-10-01,Headphones,Central,Rep_5,42,1689.24,10.0,42,1.0,0,63853.27
2022-10-01,Phone,West,Rep_1,18,1142.93,15.0,28,5.0,0,17486.83
2022-10-02,Headphones,North,Rep_18,48,459.47,,53,,0,22054.56
2022-10-02,Smartwatch,North,Rep_16,40,1468.73,10.0,56,3.0,0,52874.28
2022-10-03,Phone,North,Rep_9,33,1071.12,0.0,43,4.0,0,35346.96
2022-10-03,Tablet,West,Rep_19,12,1248.19,0.0,31,4.0,0,14978.28
2022-10-03,Tablet,North,Rep_5,8,975.71,15.0,56,4.0,0,6634.83
2022-10-03,Phone,East,Rep_2,24,1674.55,5.0,57,3.0,0,38179.74
2022-10-04,Laptop,Central,Rep_15,16,1676.17,10.0,18,5.0,0,24136.85
2022-10-04,Phone,East,Rep_7,4,1447.84,10.0,21,4.0,0,5212.22
2022-10-04,Smartwatch,North,Rep_4,38,300.26,10.0,47,1.0,0,10268.89
2022-10-05,Laptop,East,Rep_1,44,1693.82,15.0,29,4.0,0,63348.87
2022-10-05,Tablet,North,Rep_13,27,1374.92,0.0,52,5.0,0,37122.84
2022-10-05,Phone,West,Rep_20,9,1424.35,10.0,30,3.0,0,11537.24
2022-10-06,Headphones,East,Rep_7,47,789.67,15.0,69,2.0,0,31547.32
2022-10-06,Headphones,West,Rep_15,16,1770.63,,48,5.0,0,28330.08
2022-10-07,Smartwatch,West,Rep_14,12,1478.21,10.0,55,4.0,0,15964.67
2022-10-07,Headphones,South,Rep_19,31,313.92,0.0,60,4.0,0,9731.52
2022-10-07,Phone,North,Rep_20,24,874.78,20.0,40,2.0,1,16795.78
2022-10-07,Phone,Central,Rep_18,14,1784.12,0.0,21,2.0,0,24977.68
2022-10-07,Headphones,North,Rep_10,45,189.67,5.0,69,4.0,0,8108.39
2022-10-07,Phone,Central,Rep_9,25,1926.69,0.0,33,3.0,0,48167.25
2022-10-09,Smartwatch,North,Rep_8,34,1390.41,10.0,24,4.0,0,42546.55
2022-10-09,Laptop,West,Rep_10,3,1299.61,0.0,39,4.0,0,3898.83
2022-10-11,Smartwatch,East,Rep_17,24,614.06,0.0,46,3.0,0,14737.44
2022-10-12,Smartwatch,East,Rep_2,42,572.7,5.0,28,5.0,0,22850.73
2022-10-12,Phone,South,Rep_6,9,1889.91,20.0,50,5.0,0,13607.35
2022-10-13,Laptop,Central,Rep_5,26,666.72,0.0,46,5.0,1,17334.72
2022-10-13,Phone,Central,Rep_9,20,1573.46,0.0,56,,0,31469.2
2022-10-13,Tablet,Central,Rep_5,40,846.93,10.0,29,2.0,0,30489.48
2022-10-13,Phone,West,Rep_18,10,364.58,5.0,24,4.0,0,3463.51
2022-10-14,Phone,Central,Rep_20,19,120.36,20.0,56,3.0,0,1829.47
2022-10-15,Phone,East,Rep_9,3,1134.09,0.0,59,5.0,0,3402.27
2022-10-15,Laptop,West,Rep_17,24,1953.98,10.0,65,3.0,0,42205.97
2022-10-15,Phone,North,Rep_17,5,801.36,0.0,43,4.0,0,4006.8
2022-10-16,Laptop,Central,Rep_12,3,778.67,0.0,57,,0,2336.01
2022-10-16,Headphones,Central,Rep_7,27,753.77,10.0,26,4.0,0,18316.61
2022-10-17,Tablet,North,Rep_3,16,1089.03,5.0,58,2.0,0,16553.26
2022-10-17,Laptop,Central,Rep_10,49,937.26,10.0,51,4.0,0,41333.17
2022-10-17,Headphones,North,Rep_2,15,1771.84,0.0,62,3.0,0,26577.6
2022-10-18,Laptop,West,Rep_3,35,1060.49,5.0,30,5.0,0,35261.29
2022-10-18,Laptop,East,Rep_16,12,1064.74,5.0,53,1.0,0,12138.04
2022-10-18,Tablet,North,Rep_2,41,362.91,20.0,42,5.0,0,11903.45
2022-10-19,Smartwatch,South,Rep_10,44,1967.21,0.0,41,5.0,0,86557.24
2022-10-20,Smartwatch,North,Rep_6,26,574.95,0.0,61,3.0,0,14948.7
2022-10-21,Laptop,Central,Rep_11,47,239.39,0.0,34,5.0,0,11251.33
2022-10-21,Phone,West,Rep_7,34,1359.98,5.0,19,1.0,0,43927.35
2022-10-22,Headphones,West,Rep_15,23,1231.2,0.0,30,5.0,0,28317.6
2022-10-22,Phone,North,Rep_6,31,888.78,20.0,48,4.0,0,22041.74
2022-10-22,Phone,East,Rep_20,20,902.17,0.0,46,3.0,0,18043.4
2022-10-23,Laptop,South,Rep_9,12,1591.62,15.0,67,4.0,0,16234.52
2022-10-23,Laptop,West,Rep_20,23,471.85,0.0,45,2.0,0,10852.55
2022-10-23,Laptop,Central,Rep_12,4,1658.48,10.0,44,5.0,0,5970.53
2022-10-23,Laptop,Central,Rep_19,23,1332.62,20.0,32,1.0,0,24520.21
2022-10-25,Smartwatch,East,Rep_20,48,896.04,0.0,48,4.0,0,43009.92
2022-10-25,Laptop,West,Rep_3,48,970.25,20.0,57,4.0,0,37257.6
2022-10-26,Smartwatch,North,Rep_15,1,587.63,5.0,32,5.0,0,558.25
2022-10-27,Smartwatch,Central,Rep_2,25,1529.02,20.0,50,3.0,0,30580.4
2022-10-27,Laptop,East,Rep_2,2,1074.46,10.0,37,4.0,0,1934.03
2022-10-28,Tablet,West,Rep_3,30,709.62,0.0,59,4.0,0,21288.6
2022-10-28,Headphones,West,Rep_6,3,1232.5,0.0,29,,0,3697.5
2022-10-29,Phone,West,Rep_15,21,1991.9,0.0,54,2.0,0,41829.9
2022-10-30,Smartwatch,West,Rep_10,25,927.0,0.0,26,3.0,0,23175.0
2022-10-30,Headphones,West,Rep_9,20,1849.31,0.0,40,3.0,0,36986.2
2022-10-30,Tablet,Central,Rep_1,49,755.53,0.0,25,5.0,0,37020.97
2022-11-01,Phone,East,Rep_16,22,203.99,5.0,49,3.0,0,4263.39
2022-11-01,Phone,West,Rep_6,21,488.06,10.0,65,4.0,0,9224.33
2022-11-02,Smartwatch,South,Rep_9,33,895.52,0.0,31,3.0,0,29552.16
2022-11-02,Laptop,South,Rep_4,38,517.31,0.0,44,5.0,0,19657.78
2022-11-02,Tablet,East,Rep_2,15,100.43,10.0,42,5.0,0,1355.8
2022-11-03,Smartwatch,North,Rep_4,46,1838.5,0.0,30,4.0,0,84571.0
2022-11-03,Tablet,North,Rep_1,15,1703.37,0.0,38,4.0,0,25550.55
2022-11-03,Laptop,North,Rep_19,46,1510.36,0.0,62,3.0,0,69476.56
2022-11-04,Laptop,South,Rep_10,25,418.85,20.0,48,1.0,1,8377.0
2022-11-04,Smartwatch,North,Rep_15,21,328.69,15.0,54,3.0,0,5867.12
2022-11-04,Laptop,Central,Rep_19,24,228.45,0.0,65,4.0,0,5482.8
2022-11-05,Headphones,West,Rep_16,5,1475.66,10.0,60,4.0,0,6640.47
2022-11-06,Phone,South,Rep_4,6,1864.74,5.0,22,5.0,0,10629.02
2022-11-06,Smartwatch,East,Rep_2,49,918.02,10.0,30,4.0,0,40484.68
2022-11-06,Tablet,East,Rep_13,43,326.37,10.0,45,4.0,0,12630.52
2022-11-08,Headphones,West,Rep_1,48,1073.55,10.0,60,4.0,0,46377.36
2022-11-08,Smartwatch,South,Rep_17,44,762.78,0.0,42,4.0,1,33562.32
2022-11-09,Laptop,North,Rep_13,47,812.17,0.0,68,3.0,0,38171.99
2022-11-09,Laptop,North,Rep_4,23,1280.53,5.0,52,4.0,0,27979.58
2022-11-09,Laptop,Central,Rep_7,4,1465.56,15.0,64,4.0,0,4982.9
2022-11-09,Laptop,Central,Rep_17,27,310.15,5.0,56,5.0,0,7955.35
2022-11-09,Tablet,North,Rep_9,18,167.62,15.0,24,5.0,0,2564.59
2022-11-10,Headphones,East,Rep_4,21,1989.23,20.0,55,3.0,0,33419.06
2022-11-10,Phone,East,Rep_19,28,542.18,0.0,49,1.0,0,15181.04
2022-11-11,Tablet,Central,Rep_1,35,202.28,10.0,20,4.0,0,6371.82
2022-11-11,Tablet,West,Rep_10,22,460.76,10.0,62,4.0,0,9123.05
2022-11-13,Phone,North,Rep_4,40,174.02,20.0,56,3.0,0,5568.64
2022-11-13,Phone,Central,Rep_9,23,844.44,20.0,54,5.0,0,15537.7
2022-11-15,Laptop,Central,Rep_13,3,1624.56,10.0,67,5.0,0,4386.31
2022-11-16,Tablet,North,Rep_14,40,748.36,0.0,39,5.0,0,29934.4
2022-11-17,Smartwatch,North,Rep_10,10,943.95,10.0,25,3.0,0,8495.55
2022-11-17,Phone,East,Rep_6,25,1383.61,0.0,34,5.0,0,34590.25
2022-11-18,Phone,West,Rep_16,49,1066.9,10.0,69,5.0,0,47050.29
2022-11-18,Headphones,West,Rep_6,8,1736.75,20.0,44,4.0,0,11115.2
2022-11-19,Smartwatch,North,Rep_17,11,1745.47,0.0,50,4.0,0,19200.17
2022-11-20,Smartwatch,South,Rep_10,5,118.83,10.0,63,5.0,0,534.74
2022-11-20,Phone,Central,Rep_18,45,1578.29,5.0,34,,0,67471.9
2022-11-20,Laptop,Central,Rep_18,37,975.39,5.0,59,4.0,0,34284.96
2022-11-21,Headphones,North,Rep_3,45,1978.8,0.0,29,4.0,0,89046.0
2022-11-21,Smartwatch,South,Rep_20,38,1018.14,10.0,65,4.0,0,34820.39
2022-11-22,Phone,East,Rep_15,29,1975.1,20.0,63,3.0,0,45822.32
2022-11-22,Smartwatch,North,Rep_15,5,1533.68,20.0,44,5.0,0,6134.72
2022-11-22,Headphones,North,Rep_4,9,572.35,0.0,65,4.0,0,5151.15
2022-11-22,Headphones,Central,Rep_9,48,1122.95,15.0,25,4.0,0,45816.36
2022-11-22,Tablet,North,Rep_19,2,1985.06,10.0,40,2.0,0,3573.11
2022-11-22,Phone,North,Rep_17,1,1729.31,0.0,59,4.0,0,1729.31
2022-11-23,Headphones,North,Rep_11,40,285.0,0.0,66,2.0,0,11400.0
2022-11-23,Tablet,Central,Rep_9,30,1442.11,0.0,46,2.0,0,43263.3
2022-11-24,Tablet,East,Rep_10,11,756.6,20.0,67,4.0,0,6658.08
2022-11-24,Smartwatch,East,Rep_18,28,113.27,10.0,37,4.0,0,2854.4
2022-11-24,Smartwatch,North,Rep_20,44,866.61,10.0,33,4.0,0,34317.76
2022-11-25,Tablet,Central,Rep_13,12,546.03,0.0,34,2.0,0,6552.36
2022-11-25,Smartwatch,East,Rep_8,39,1655.85,,33,4.0,0,64578.15
2022-11-26,Headphones,East,Rep_7,26,740.93,0.0,36,3.0,0,19264.18
2022-11-28,Laptop,East,Rep_17,13,1672.3,0.0,25,5.0,0,21739.9
2022-11-28,Headphones,Central,Rep_15,8,101.14,10.0,55,4.0,0,728.21
2022-11-29,Tablet,Central,Rep_20,28,684.86,0.0,55,4.0,0,19176.08
2022-12-01,Tablet,North,Rep_15,30,558.21,15.0,46,3.0,0,14234.36
2022-12-01,Headphones,West,Rep_1,9,543.78,0.0,58,2.0,1,4894.02
2022-12-01,Smartwatch,East,Rep_14,39,229.55,10.0,53,5.0,0,8057.21
2022-12-02,Smartwatch,West,Rep_5,31,455.54,5.0,43,3.0,0,13415.65
2022-12-02,Tablet,Central,Rep_11,21,1155.54,5.0,48,4.0,0,23053.02
2022-12-03,Phone,Central,Rep_16,47,653.59,0.0,61,4.0,0,30718.73
2022-12-03,Smartwatch,Central,Rep_2,34,893.05,0.0,29,1.0,0,30363.7
2022-12-03,Headphones,West,Rep_8,31,816.05,20.0,34,5.0,1,20238.04
2022-12-03,Smartwatch,Central,Rep_11,25,1764.22,0.0,32,4.0,0,44105.5
2022-12-04,Headphones,North,Rep_18,12,1820.07,15.0,26,3.0,0,18564.71
2022-12-04,Tablet,Central,Rep_3,1,1036.62,,56,2.0,0,1036.62
2022-12-04,Smartwatch,South,Rep_1,22,727.3,,59,3.0,0,16000.6
2022-12-04,Headphones,West,Rep_11,40,302.92,0.0,65,5.0,0,12116.8
2022-12-05,Tablet,South,Rep_16,37,1911.47,10.0,29,4.0,0,63651.95
2022-12-06,Phone,Central,Rep_18,47,214.43,,49,3.0,1,10078.21
2022-12-07,Headphones,North,Rep_16,1,665.54,20.0,42,2.0,0,532.43
2022-12-08,Phone,East,Rep_10,1,666.33,5.0,56,4.0,1,633.01
2022-12-08,Phone,Central,Rep_18,42,708.76,10.0,35,4.0,0,26791.13
2022-12-08,Laptop,North,Rep_6,42,412.15,0.0,32,4.0,0,17310.3
2022-12-08,Smartwatch,West,Rep_19,21,1588.01,20.0,49,4.0,0,26678.57
2022-12-09,Headphones,South,Rep_4,15,332.75,20.0,23,3.0,0,3993.0
2022-12-10,Phone,South,Rep_13,17,1306.32,0.0,61,4.0,0,22207.44
2022-12-10,Laptop,South,Rep_14,22,335.31,0.0,60,5.0,0,7376.82
2022-12-11,Tablet,West,Rep_3,38,234.02,0.0,69,3.0,0,8892.76
2022-12-11,Headphones,North,Rep_10,35,1827.92,0.0,52,4.0,0,63977.2
2022-12-11,Phone,West,Rep_6,45,461.24,15.0,51,4.0,0,17642.43
2022-12-12,Smartwatch,South,Rep_1,16,1660.38,0.0,55,4.0,1,26566.08
2022-12-12,Laptop,Central,Rep_14,8,1134.8,0.0,22,3.0,0,9078.4
2022-12-12,Phone,East,Rep_8,47,247.93,0.0,35,5.0,0,11652.71
2022-12-13,Smartwatch,West,Rep_19,17,1915.35,20.0,33,4.0,0,26048.76
2022-12-13,Phone,West,Rep_14,17,569.23,10.0,25,4.0,0,8709.22
2022-12-14,Headphones,North,Rep_10,26,1733.33,5.0,42,3.0,0,42813.25
2022-12-14,Headphones,North,Rep_17,13,420.74,0.0,49,3.0,0,5469.62
2022-12-15,Headphones,West,Rep_9,17,1722.49,20.0,43,2.0,0,23425.86
2022-12-15,Laptop,South,Rep_6,38,125.13,15.0,69,5.0,0,4041.7
2022-12-16,Headphones,East,Rep_11,17,1072.38,0.0,39,3.0,0,18230.46
2022-12-16,Smartwatch,North,Rep_7,48,1561.94,0.0,48,4.0,0,74973.12
2022-12-17,Phone,South,Rep_17,14,1876.11,0.0,60,4.0,0,26265.54
2022-12-18,Tablet,Central,Rep_1,45,1827.48,0.0,27,4.0,0,82236.6
2022-12-19,Smartwatch,North,Rep_5,6,1657.29,5.0,29,4.0,0,9446.55
2022-12-19,Smartwatch,South,Rep_9,35,1787.56,20.0,45,4.0,0,50051.68
2022-12-20,Headphones,South,Rep_18,46,478.52,5.0,23,2.0,0,20911.32
2022-12-20,Laptop,East,Rep_2,14,639.95,15.0,37,3.0,1,7615.41
2022-12-20,Phone,East,Rep_11,47,649.04,5.0,22,4.0,0,28979.64
2022-12-21,Laptop,Central,Rep_6,8,816.4,10.0,40,4.0,0,5878.08
2022-12-22,Phone,South,Rep_8,15,847.31,10.0,26,3.0,0,11438.68
2022-12-22,Phone,South,Rep_4,27,1134.66,0.0,46,4.0,0,30635.82
2022-12-23,Laptop,East,Rep_18,13,403.77,0.0,33,3.0,0,5249.01
2022-12-23,Smartwatch,North,Rep_11,49,1413.37,10.0,63,3.0,0,62329.62
2022-12-24,Phone,North,Rep_5,31,418.38,0.0,39,1.0,1,12969.78
2022-12-24,Laptop,West,Rep_15,35,689.59,0.0,25,5.0,0,24135.65
2022-12-24,Phone,East,Rep_18,6,1056.36,5.0,37,3.0,0,6021.25
2022-12-26,Tablet,West,Rep_2,5,1613.24,20.0,68,3.0,0,6452.96
2022-12-26,Smartwatch,East,Rep_11,22,1504.99,,31,3.0,0,33109.78
2022-12-26,Headphones,Central,Rep_13,49,1326.52,15.0,56,2.0,0,55249.56
2022-12-27,Phone,South,Rep_4,23,395.97,5.0,54,4.0,0,8651.94
2022-12-28,Tablet,Central,Rep_7,25,1139.39,10.0,67,2.0,0,25636.28
2022-12-30,Headphones,East,Rep_11,34,266.15,5.0,51,2.0,0,8596.64
2022-12-30,Headphones,South,Rep_4,26,816.99,15.0,28,4.0,0,18055.48
2022-12-30,Phone,North,Rep_15,47,885.68,5.0,57,3.0,0,39545.61
2022-12-30,Laptop,North,Rep_1,5,175.64,,50,5.0,0,878.2
2022-12-30,Phone,West,Rep_3,26,620.58,10.0,48,4.0,0,14521.57
2022-12-31,Tablet,East,Rep_14,20,1915.73,5.0,61,3.0,0,36398.87
2022-12-31,Headphones,East,Rep_6,6,1911.9,0.0,51,4.0,0,11471.4
2023-01-01,Phone,North,Rep_18,6,769.42,0.0,67,2.0,0,4616.52
2023-01-02,Laptop,Central,Rep_1,18,181.89,0.0,24,4.0,0,3274.02
2023-01-02,Phone,South,Rep_6,4,440.28,15.0,66,4.0,0,1496.95
2023-01-03,Smartwatch,Central,Rep_6,17,845.21,0.0,40,3.0,0,14368.57
2023-01-03,Laptop,Central,Rep_16,14,1900.78,0.0,63,4.0,0,26610.92
2023-01-04,Tablet,North,Rep_5,14,368.28,10.0,24,5.0,1,4640.33
2023-01-04,Headphones,North,Rep_17,13,1550.68,0.0,42,5.0,0,20158.84
2023-01-04,Phone,North,Rep_10,7,306.5,5.0,20,4.0,0,2038.22
2023-01-05,Laptop,West,Rep_18,44,1964.39,0.0,55,4.0,0,86433.16
2023-01-06,Smartwatch,Central,Rep_7,15,825.07,20.0,37,,1,9900.84
